{
  "__type__": "cc.AnimationClip",
  "_name": "trap_activate",
  "_objFlags": 0,
  "_native": "",
  "_duration": 0.21666666666666667,
  "sample": 60,
  "speed": 0.2,
  "wrapMode": 1,
  "curveData": {
    "comps": {
      "cc.Sprite": {
        "spriteFrame": [
          {
            "frame": 0,
            "value": {
              "__uuid__": "64c47078-256b-47db-b894-23bd381217a2"
            }
          },
          {
            "frame": 0.016666666666666666,
            "value": {
              "__uuid__": "00106765-070b-476b-beff-f23e09f25c32"
            }
          },
          {
            "frame": 0.03333333333333333,
            "value": {
              "__uuid__": "f1b0442b-b6df-40f7-a9e2-235f095a30a7"
            }
          },
          {
            "frame": 0.05,
            "value": {
              "__uuid__": "750ad8c8-34cf-4584-aac4-0b81348fbc9e"
            }
          },
          {
            "frame": 0.06666666666666667,
            "value": {
              "__uuid__": "0950f75b-e04c-4a45-ae5a-9736eedb52ae"
            }
          },
          {
            "frame": 0.08333333333333333,
            "value": {
              "__uuid__": "e0baf735-e376-43d8-9901-c74046c145cd"
            }
          },
          {
            "frame": 0.1,
            "value": {
              "__uuid__": "a197cd30-8bba-441b-8ffe-7907b0da5249"
            }
          },
          {
            "frame": 0.11666666666666667,
            "value": {
              "__uuid__": "e0baf735-e376-43d8-9901-c74046c145cd"
            }
          },
          {
            "frame": 0.13333333333333333,
            "value": {
              "__uuid__": "0950f75b-e04c-4a45-ae5a-9736eedb52ae"
            }
          },
          {
            "frame": 0.15,
            "value": {
              "__uuid__": "750ad8c8-34cf-4584-aac4-0b81348fbc9e"
            }
          },
          {
            "frame": 0.16666666666666666,
            "value": {
              "__uuid__": "f1b0442b-b6df-40f7-a9e2-235f095a30a7"
            }
          },
          {
            "frame": 0.18333333333333332,
            "value": {
              "__uuid__": "00106765-070b-476b-beff-f23e09f25c32"
            }
          },
          {
            "frame": 0.2,
            "value": {
              "__uuid__": "64c47078-256b-47db-b894-23bd381217a2"
            }
          }
        ]
      }
    }
  },
  "events": []
}