{
  "__type__": "cc.SpriteAtlas",
  "_name": "bullet_enemy_attack.plist",
  "_objFlags": 0,
  "_native": "",
  "_spriteFrames": {
    "Version1_Attack1_00": {
      "__uuid__": "eb9d3bae-41b5-45ea-9380-4d58bbf69bca"
    },
    "Version1_Attack1_01": {
      "__uuid__": "48166ff1-832e-4e50-af67-6efa6c1cc6db"
    },
    "Version1_Attack1_02": {
      "__uuid__": "f6e3ea1b-bcdb-4b7f-8a53-1f04acf8a316"
    },
    "Version1_Attack1_03": {
      "__uuid__": "b2fc5bc2-7d4f-4991-89bd-c457646f8e0a"
    },
    "Version1_Attack1_04": {
      "__uuid__": "64e1f55c-1cd5-401f-b140-2135bea37997"
    },
    "Version1_Attack1_05": {
      "__uuid__": "12bb7191-a1a2-44e6-a27d-83d4f36dafe4"
    },
    "Version1_Attack1_06": {
      "__uuid__": "820e8b43-5211-40f4-b1fe-1573dea215e3"
    },
    "Version1_Attack1_07": {
      "__uuid__": "81bb02f3-a641-46b2-b50a-e7009c26c0ec"
    },
    "Version1_Attack1_08": {
      "__uuid__": "c38f63b0-aeb8-4637-9718-6d14cfddd880"
    },
    "Version1_Attack1_09": {
      "__uuid__": "6c2f36e3-70fc-491a-b3b4-786053493a2c"
    },
    "Version1_Attack1_10": {
      "__uuid__": "d1a93f29-295f-4202-9fa5-c2e2b65d50e9"
    },
    "Version1_Attack1_11": {
      "__uuid__": "a7ffc976-f350-4503-90ca-4e75da8aca76"
    },
    "Version1_Attack1_12": {
      "__uuid__": "cc1702de-560d-42e8-bcfc-462afb8937db"
    },
    "Version1_Attack1_13": {
      "__uuid__": "ae18c558-ae58-436a-bf10-aedd4ba50658"
    },
    "Version1_Attack1_14": {
      "__uuid__": "f8062815-a2be-4297-8b55-82de96d60591"
    },
    "Version1_Attack1_15": {
      "__uuid__": "694b9c5c-297d-4272-b863-dd8ed9109060"
    },
    "Version1_Attack1_16": {
      "__uuid__": "4401d9bb-197f-4588-8fe9-4f50a611fcbd"
    },
    "Version1_Attack1_17": {
      "__uuid__": "dfaf95a3-cb9d-4150-af26-4c153b2d9a3a"
    },
    "Version1_Attack1_18": {
      "__uuid__": "b8ce19c0-636d-4237-961e-dbabd32402ba"
    },
    "Version1_Attack1_19": {
      "__uuid__": "feb727ec-cf5f-4154-8e77-e17729cb1c5c"
    },
    "Version1_Attack1_20": {
      "__uuid__": "fefb59ac-3670-4ed3-8fec-d7aea4797870"
    },
    "Version1_Attack1_21": {
      "__uuid__": "789a31df-05f7-4322-ad7e-53432212cca3"
    },
    "Version1_Attack1_22": {
      "__uuid__": "449838c7-200b-4b98-848f-1e8b2ee3812f"
    },
    "Version1_Attack1_23": {
      "__uuid__": "d4f2a463-49f2-466f-948b-01ee73a62feb"
    },
    "Version1_Attack1_24": {
      "__uuid__": "e0142936-c4dd-40d8-8c0f-c64788850727"
    }
  }
}