{
  "__type__": "cc.SpriteAtlas",
  "_name": "explosions.plist",
  "_objFlags": 0,
  "_native": "",
  "_spriteFrames": {
    "explode_1": {
      "__uuid__": "7b056d13-3918-47e1-b1a4-d830909fd31e"
    },
    "explode_2": {
      "__uuid__": "8d7f5dbf-701d-461c-b77b-a475ac1c8929"
    },
    "explode_3": {
      "__uuid__": "441ba2d5-a729-4e49-b16d-b00cc9748552"
    },
    "explode_4": {
      "__uuid__": "2285efc3-193a-453a-b35e-d7294962538d"
    },
    "explode_5": {
      "__uuid__": "6ab35067-46cb-412c-818e-a08f1be0059f"
    },
    "explode_6": {
      "__uuid__": "1516b6e2-c58f-40c3-80a8-05d439f85420"
    },
    "explode_7": {
      "__uuid__": "8ded51eb-ddeb-4bbc-9019-0095c0bc8401"
    }
  }
}