{
  "f8e6b000-5643-4b86-9080-aa680ce1f599": {
    "asset": 1563169922180,
    "meta": 1558963176000,
    "relativePath": "image"
  },
  "fc09f9bd-2cce-4605-b630-8145ef809ed6": {
    "asset": 1563169922211,
    "meta": 1558963176000,
    "relativePath": "misc"
  },
  "f6e6dd15-71d1-4ffe-ace7-24fd39942c05": {
    "asset": 1563169922242,
    "meta": 1558963176000,
    "relativePath": "obsolete"
  },
  "f743d2b6-b7ea-4c14-a55b-547ed4d0a045": {
    "asset": 1563169922289,
    "meta": 1558963176000,
    "relativePath": "particle"
  },
  "ae6c6c98-11e4-452f-8758-75f5c6a56e83": {
    "asset": 1563169922617,
    "meta": 1558963176000,
    "relativePath": "prefab"
  },
  "a982e2c5-c7c9-4202-b412-fe2e6cc4a2e0": {
    "asset": 1564670465448,
    "meta": 1563375959098,
    "relativePath": "scenes"
  },
  "0fd64dc7-db34-40b3-abc7-1828e1327b86": {
    "asset": 1564757580577,
    "meta": 1563375971258,
    "relativePath": "resources"
  },
  "455626f1-bb6a-4897-960f-f99fdd19871c": {
    "asset": 1564731781262,
    "meta": 1563375987151,
    "relativePath": "scripts"
  },
  "9a544b9c-3539-44a3-bafe-1aa16bc3add4": {
    "asset": 1564709579971,
    "meta": 1563376025611,
    "relativePath": "resources\\TiledMap"
  },
  "7fc19386-1d2d-4308-bba0-7b897fee3807": {
    "asset": 1563377720032,
    "meta": 1563377768887,
    "relativePath": "resources\\TiledMap\\Tileset_Rock.tsx"
  },
  "dd89bae1-0741-43ff-a3fc-a560733c72d0": {
    "asset": 1544628296000,
    "meta": 1563377772242,
    "relativePath": "resources\\TiledMap\\Tileset_Rock.png"
  },
  "b8342faa-cdc1-4b92-8a8c-44dd4f4fff9e": {
    "asset": 1564733879320,
    "meta": 1563461799441,
    "relativePath": "resources\\sprites"
  },
  "aa9b1d76-cdc5-4f2e-8f67-9b1d13a1fd17": {
    "asset": 1563446205999,
    "meta": 1563461800370,
    "relativePath": "resources\\sprites\\gold.png"
  },
  "ed640947-1000-43b1-bfcc-ce78838a5101": {
    "asset": 1563463469447,
    "meta": 1563463537779,
    "relativePath": "resources\\TiledMap\\TiledMap_01.tmx"
  },
  "e67f7cdc-66ba-48e9-9ee7-ac3676301104": {
    "asset": 1564054577057,
    "meta": 1563603984467,
    "relativePath": "resources\\sprites\\pirate"
  },
  "71561142-4c83-4933-afca-cb7a17f67053": {
    "asset": 1558963176000,
    "meta": 1563981449124,
    "relativePath": "image\\default_btn_disabled.png"
  },
  "e851e89b-faa2-4484-bea6-5c01dd9f06e2": {
    "asset": 1558963176000,
    "meta": 1563981449121,
    "relativePath": "image\\default_btn_normal.png"
  },
  "b43ff3c2-02bb-4874-81f7-f2dea6970f18": {
    "asset": 1558963176000,
    "meta": 1563981449136,
    "relativePath": "image\\default_btn_pressed.png"
  },
  "edd215b9-2796-4a05-aaf5-81f96c9281ce": {
    "asset": 1558963176000,
    "meta": 1563981449151,
    "relativePath": "image\\default_editbox_bg.png"
  },
  "d81ec8ad-247c-4e62-aa3c-d35c4193c7af": {
    "asset": 1558963176000,
    "meta": 1563981449167,
    "relativePath": "image\\default_panel.png"
  },
  "99170b0b-d210-46f1-b213-7d9e3f23098a": {
    "asset": 1558963176000,
    "meta": 1563981449183,
    "relativePath": "image\\default_progressbar_bg.png"
  },
  "cfef78f1-c8df-49b7-8ed0-4c953ace2621": {
    "asset": 1558963176000,
    "meta": 1563981449198,
    "relativePath": "image\\default_progressbar.png"
  },
  "567dcd80-8bf4-4535-8a5a-313f1caf078a": {
    "asset": 1558963176000,
    "meta": 1563981449198,
    "relativePath": "image\\default_radio_button_off.png"
  },
  "9d60001f-b5f4-4726-a629-2659e3ded0b8": {
    "asset": 1558963176000,
    "meta": 1563981449245,
    "relativePath": "image\\default_radio_button_on.png"
  },
  "4bab67cb-18e6-4099-b840-355f0473f890": {
    "asset": 1558963176000,
    "meta": 1563981449230,
    "relativePath": "image\\default_scrollbar_bg.png"
  },
  "617323dd-11f4-4dd3-8eec-0caf6b3b45b9": {
    "asset": 1558963176000,
    "meta": 1563981449261,
    "relativePath": "image\\default_scrollbar_vertical_bg.png"
  },
  "d6d3ca85-4681-47c1-b5dd-d036a9d39ea2": {
    "asset": 1558963176000,
    "meta": 1563981449276,
    "relativePath": "image\\default_scrollbar_vertical.png"
  },
  "0275e94c-56a7-410f-bd1a-fc7483f7d14a": {
    "asset": 1558963176000,
    "meta": 1563981449308,
    "relativePath": "image\\default_sprite_splash.png"
  },
  "0291c134-b3da-4098-b7b5-e397edbe947f": {
    "asset": 1558963176000,
    "meta": 1563981449292,
    "relativePath": "image\\default_scrollbar.png"
  },
  "6e056173-d285-473c-b206-40a7fff5386e": {
    "asset": 1558963176000,
    "meta": 1563981449323,
    "relativePath": "image\\default_sprite.png"
  },
  "73a0903d-d80e-4e3c-aa67-f999543c08f5": {
    "asset": 1558963176000,
    "meta": 1563981449323,
    "relativePath": "image\\default_toggle_checkmark.png"
  },
  "c25b9d50-c8fc-4d27-beeb-6e7c1f2e5c0f": {
    "asset": 1558963176000,
    "meta": 1563981449370,
    "relativePath": "image\\default_toggle_disabled.png"
  },
  "d29077ba-1627-4a72-9579-7b56a235340c": {
    "asset": 1558963176000,
    "meta": 1563981449355,
    "relativePath": "image\\default_toggle_normal.png"
  },
  "b181c1e4-0a72-4a91-bfb0-ae6f36ca60bd": {
    "asset": 1558963176000,
    "meta": 1563981449386,
    "relativePath": "image\\default_toggle_pressed.png"
  },
  "2be36297-9abb-4fee-8049-9ed5e271da8a": {
    "asset": 1558963176000,
    "meta": 1563981449401,
    "relativePath": "misc\\default_video.mp4"
  },
  "b8223619-7e38-47c4-841f-9160c232495a": {
    "asset": 1558963176000,
    "meta": 1563981449686,
    "relativePath": "obsolete\\atom.plist"
  },
  "b2687ac4-099e-403c-a192-ff477686f4f5": {
    "asset": 1558963176000,
    "meta": 1563981449686,
    "relativePath": "particle\\atom.plist"
  },
  "8a96b965-2dc0-4e03-aa90-3b79cb93b5b4": {
    "asset": 1558963176000,
    "meta": 1563981449417,
    "relativePath": "obsolete\\atom.png"
  },
  "d0a82d39-bede-46c4-b698-c81ff0dedfff": {
    "asset": 1558963176000,
    "meta": 1563981449433,
    "relativePath": "particle\\atom.png"
  },
  "972b9a4d-47ee-4c74-b5c3-61d8a69bc29f": {
    "asset": 1558963176000,
    "meta": 1563981449448,
    "relativePath": "prefab\\button.prefab"
  },
  "2c937608-2562-40ea-b264-7395df6f0cea": {
    "asset": 1558963176000,
    "meta": 1563981449448,
    "relativePath": "prefab\\canvas.prefab"
  },
  "61aeb05b-3b32-452b-8eed-2b76deeed554": {
    "asset": 1558963176000,
    "meta": 1563981449464,
    "relativePath": "prefab\\editbox.prefab"
  },
  "27756ebb-3d33-44b0-9b96-e858fadd4dd4": {
    "asset": 1558963176000,
    "meta": 1563981449479,
    "relativePath": "prefab\\label.prefab"
  },
  "785a442c-3ceb-45be-a46e-7317f625f3b9": {
    "asset": 1558963176000,
    "meta": 1563981449495,
    "relativePath": "prefab\\layout.prefab"
  },
  "ca8401fe-ad6e-41a8-bd46-8e3e4e9945be": {
    "asset": 1558963176000,
    "meta": 1563981449495,
    "relativePath": "prefab\\pageview.prefab"
  },
  "cd33edea-55f5-46c2-958d-357a01384a36": {
    "asset": 1558963176000,
    "meta": 1563981449511,
    "relativePath": "prefab\\particlesystem.prefab"
  },
  "5965ffac-69da-4b55-bcde-9225d0613c28": {
    "asset": 1558963176000,
    "meta": 1563981449526,
    "relativePath": "prefab\\progressBar.prefab"
  },
  "4a37dd57-78cd-4cec-aad4-f11a73d12b63": {
    "asset": 1558963176000,
    "meta": 1563981449526,
    "relativePath": "prefab\\richtext.prefab"
  },
  "32044bd2-481f-4cf1-a656-e2b2fb1594eb": {
    "asset": 1558963176000,
    "meta": 1563981449542,
    "relativePath": "prefab\\scrollview.prefab"
  },
  "0004d1cf-a0ad-47d8-ab17-34d3db9d35a3": {
    "asset": 1558963176000,
    "meta": 1563981449558,
    "relativePath": "prefab\\slider.prefab"
  },
  "1f55e3be-b89b-4b79-88de-47fd31018044": {
    "asset": 1558963176000,
    "meta": 1563981449558,
    "relativePath": "prefab\\sprite_splash.prefab"
  },
  "96083d03-c332-4a3f-9386-d03e2d19e8ee": {
    "asset": 1558963176000,
    "meta": 1563981449573,
    "relativePath": "prefab\\sprite.prefab"
  },
  "7de03a80-4457-438d-95a7-3e7cdffd6086": {
    "asset": 1558963176000,
    "meta": 1563981449592,
    "relativePath": "prefab\\tiledmap.prefab"
  },
  "0e42ba95-1fa1-46aa-b2cf-143cd1bcee2c": {
    "asset": 1558963176000,
    "meta": 1563981449598,
    "relativePath": "prefab\\tiledtile.prefab"
  },
  "0d784963-d024-4ea6-a7db-03be0ad63010": {
    "asset": 1558963176000,
    "meta": 1563981449607,
    "relativePath": "prefab\\toggle.prefab"
  },
  "bf0a434c-84dd-4a8e-a08a-7a36f180cc75": {
    "asset": 1558963176000,
    "meta": 1563981449619,
    "relativePath": "prefab\\toggleContainer.prefab"
  },
  "d1b8be49-b0a0-435c-83b7-552bed4bbe35": {
    "asset": 1558963176000,
    "meta": 1563981449630,
    "relativePath": "prefab\\toggleGroup.prefab"
  },
  "232d2782-c4bd-4bb4-9e01-909f03d6d3b9": {
    "asset": 1558963176000,
    "meta": 1563981449638,
    "relativePath": "prefab\\videoplayer.prefab"
  },
  "8c5001fd-07ee-4a4b-a8a0-63e15195e94d": {
    "asset": 1558963176000,
    "meta": 1563981449639,
    "relativePath": "prefab\\webview.prefab"
  },
  "e15da315-a42e-45d0-b3d7-8ee1afc180fe": {
    "asset": 1563955448703,
    "meta": 1563955488448,
    "relativePath": "resources\\sprites\\pirate\\pirate_ske.json"
  },
  "84145ce0-ba68-409a-8be3-b5284c143c3e": {
    "asset": 1563955448693,
    "meta": 1563955488519,
    "relativePath": "resources\\sprites\\pirate\\pirate_tex.png"
  },
  "69629183-2888-45b7-99c9-a5a04dda45cf": {
    "asset": 1563955448683,
    "meta": 1563955488534,
    "relativePath": "resources\\sprites\\pirate\\pirate_tex.json"
  },
  "c17658c8-b497-413a-9a9e-36784372fe00": {
    "asset": 1564020502802,
    "meta": 1564020658233,
    "relativePath": "resources\\sprites\\hangingPlants.plist"
  },
  "008588d0-104f-4051-9880-49917625a9de": {
    "asset": 1564018144777,
    "meta": 1564020658048,
    "relativePath": "resources\\sprites\\PushableBox_01.png"
  },
  "8222ad6d-04a2-487a-832c-cdbb54a4a3f5": {
    "asset": 1564020502794,
    "meta": 1564020658142,
    "relativePath": "resources\\sprites\\hangingPlants.png"
  },
  "ca489e54-cb6f-45c6-9b9a-985b1bc3fb1d": {
    "asset": 1564751867706,
    "meta": 1564054677804,
    "relativePath": "resources\\prefabs"
  },
  "376604e2-ac4c-4580-b58c-f6d5fa235a02": {
    "asset": 1410418124000,
    "meta": 1564054790144,
    "relativePath": "resources\\sprites\\backGround_down_01.png"
  },
  "ca43b700-36cf-4b20-b245-59a4b02c22bd": {
    "asset": 1410418124000,
    "meta": 1564054790160,
    "relativePath": "resources\\sprites\\backGround_up_01.jpg"
  },
  "8288b44a-bdee-4a9f-a9e6-5dbe34a924db": {
    "asset": 1564820545310,
    "meta": 1564820545341,
    "relativePath": "scenes\\Map_00.fire"
  },
  "f364199f-b73b-4943-b2d7-63103d39d344": {
    "asset": 1564194568807,
    "meta": 1564194591440,
    "relativePath": "resources\\prefabs\\climbable_pre.prefab"
  },
  "48d21b39-88a6-4a4d-b339-055692e9012d": {
    "asset": 1564197971255,
    "meta": 1564198020431,
    "relativePath": "resources\\sprites\\brown_spikes.plist"
  },
  "6997c453-a118-4d46-b8d5-8e69a0b07189": {
    "asset": 1564197971247,
    "meta": 1564198020374,
    "relativePath": "resources\\sprites\\brown_spikes.png"
  },
  "48dd3bf0-19fc-408f-aa68-2325930dc49f": {
    "asset": 1564735108149,
    "meta": 1564209339449,
    "relativePath": "resources\\prefabs\\animation_clips"
  },
  "5f94eac5-8a53-4999-9dbe-82324163c3a7": {
    "asset": 1564209939999,
    "meta": 1564209940062,
    "relativePath": "resources\\prefabs\\animation_clips\\brown_spikes_anim.anim"
  },
  "c0c7495f-a2f4-468a-a390-0db39bdcbd6b": {
    "asset": 1564962758497,
    "meta": 1564962758535,
    "relativePath": "scenes\\MainMenu.fire"
  },
  "976325a9-246a-4ae5-8751-d1f4daa4f46f": {
    "asset": 1564369914634,
    "meta": 1564365770120,
    "relativePath": "resources\\font"
  },
  "d82961ed-8816-4e16-8238-ea0adfcdf24f": {
    "asset": 1547356803930,
    "meta": 1564369914663,
    "relativePath": "resources\\font\\STHUPO.TTF"
  },
  "92510e42-45ff-4be5-9c4e-f1c385da922f": {
    "asset": 1564374965873,
    "meta": 1564374965892,
    "relativePath": "resources\\prefabs\\coin_count.prefab"
  },
  "831e4b47-1d03-4751-9e0f-f6835fac8862": {
    "asset": 1564541889022,
    "meta": 1564541889049,
    "relativePath": "scenes\\ChooseMenu.fire"
  },
  "13820d77-af9b-41f5-b508-7f2edc5e5efa": {
    "asset": 1564385718255,
    "meta": 1564385718289,
    "relativePath": "resources\\prefabs\\animation_clips\\coin_roll.anim"
  },
  "47e17781-391f-4053-9b04-6e2705b3a26d": {
    "asset": 1564237434228,
    "meta": 1564386104872,
    "relativePath": "resources\\sprites\\bullet_enemy_run.plist"
  },
  "944a396a-f496-4afc-aea5-2a702a8fe3a6": {
    "asset": 1564237434228,
    "meta": 1564386104727,
    "relativePath": "resources\\sprites\\bullet_enemy_run.png"
  },
  "1113ae6c-a33e-4533-a7d3-5c09e1fae9c6": {
    "asset": 1564386475644,
    "meta": 1564735072579,
    "relativePath": "resources\\prefabs\\animation_clips\\bullet_enemy_move.anim"
  },
  "9ea203e9-8e9f-46b9-b915-9af37120c093": {
    "asset": 1564388203166,
    "meta": 1564388203454,
    "relativePath": "resources\\prefabs\\animation_clips\\black_board.anim"
  },
  "f7b2a597-779c-4305-93a4-22911dbfa5cd": {
    "asset": 1564389806227,
    "meta": 1564389820320,
    "relativePath": "scripts\\enable_phy.js"
  },
  "7394284b-d94a-454c-b81f-4c7853f1bb77": {
    "asset": 1564818979434,
    "meta": 1564818979469,
    "relativePath": "resources\\prefabs\\round_end.prefab"
  },
  "6a8b3efe-d697-463d-b2a4-9a2a55385d84": {
    "asset": 1564498857140,
    "meta": 1564498904396,
    "relativePath": "scripts\\coin_count.js"
  },
  "44cf02e4-566d-4750-8a83-95d962e559a9": {
    "asset": 1564530368145,
    "meta": 1564530368166,
    "relativePath": "resources\\prefabs\\backGround.prefab"
  },
  "0b155600-5007-460a-9346-e8bb94e586d0": {
    "asset": 1564533546542,
    "meta": 1564533645553,
    "relativePath": "resources\\sprites\\Tiled_for_roundChoose.png"
  },
  "557d2854-d688-408f-9416-9ff4d654236f": {
    "asset": 1371046238000,
    "meta": 1564537744981,
    "relativePath": "resources\\sprites\\lock.png"
  },
  "d9b77a89-216b-4449-943b-c76a86a4249a": {
    "asset": 1564541769867,
    "meta": 1564541773410,
    "relativePath": "scripts\\chooseMenu.js"
  },
  "f709e87a-b972-409d-b24f-01d0bfc39233": {
    "asset": 1564819329416,
    "meta": 1564819329436,
    "relativePath": "resources\\prefabs\\global_manager.prefab"
  },
  "aacab5dc-59ad-4165-9c4e-47a624cb5020": {
    "asset": 1564820561863,
    "meta": 1564820561891,
    "relativePath": "scenes\\Map_01.fire"
  },
  "9b3051a6-b0d1-4584-8e72-4ba6d09f6053": {
    "asset": 1564564158135,
    "meta": 1564564225526,
    "relativePath": "resources\\TiledMap\\TiledMap_02.tmx"
  },
  "b965dfc2-d64c-471f-bc63-d485f3f9864a": {
    "asset": 1564585744537,
    "meta": 1564585744550,
    "relativePath": "resources\\prefabs\\brown_spike.prefab"
  },
  "94ccc3e2-cb10-428a-94e2-448e5924516c": {
    "asset": 1564820604098,
    "meta": 1564820604115,
    "relativePath": "resources\\prefabs\\player.prefab"
  },
  "9c1f99d1-8e6f-4b96-a502-a7675fa0f819": {
    "asset": 1564585921149,
    "meta": 1564585921168,
    "relativePath": "resources\\prefabs\\buttons.prefab"
  },
  "826a17cc-b47b-41c7-99f0-ff0ec53ba1b8": {
    "asset": 1564587095370,
    "meta": 1564587109724,
    "relativePath": "resources\\prefabs\\coin.prefab"
  },
  "16e56586-9879-40a6-aa56-da9b7250baba": {
    "asset": 1564621314504,
    "meta": 1564621314518,
    "relativePath": "resources\\prefabs\\pushableBox_01.prefab"
  },
  "a4b9b3ee-1ac3-4e80-9a25-bb823949bddb": {
    "asset": 1564218966278,
    "meta": 1564628436300,
    "relativePath": "resources\\sprites\\silver_spikes.plist"
  },
  "be9fdbb6-e740-4490-8faf-6758357a215e": {
    "asset": 1564218966270,
    "meta": 1564628436200,
    "relativePath": "resources\\sprites\\silver_spikes.png"
  },
  "4b089618-d805-4bf8-b094-513795fd5356": {
    "asset": 1564646864789,
    "meta": 1564646864823,
    "relativePath": "resources\\prefabs\\animation_clips\\silver_spikes_anim.anim"
  },
  "02015b3f-060c-49b5-be8e-dd433c53e8d5": {
    "asset": 1564753405220,
    "meta": 1564753405240,
    "relativePath": "resources\\prefabs\\moving_spike_01.prefab"
  },
  "bc4ad6a3-540a-4437-9386-1a54c7488be7": {
    "asset": 1564663058110,
    "meta": 1564663990366,
    "relativePath": "resources\\sprites\\explosions.plist"
  },
  "21747d48-07d7-45b3-adfd-02aa12f0adde": {
    "asset": 1564535678612,
    "meta": 1564663990295,
    "relativePath": "resources\\sprites\\bomb.png"
  },
  "a7b510df-1be1-478a-b0bc-7cd9342ce12a": {
    "asset": 1564663058102,
    "meta": 1564663990314,
    "relativePath": "resources\\sprites\\explosions.png"
  },
  "33237c73-e876-4ec9-bff8-b269ae5c002a": {
    "asset": 1564666052851,
    "meta": 1564666052881,
    "relativePath": "resources\\prefabs\\animation_clips\\bomb_explode.anim"
  },
  "755deecb-c575-473a-a6ab-b34ce41509c2": {
    "asset": 1564759219097,
    "meta": 1564759219122,
    "relativePath": "resources\\prefabs\\bomb.prefab"
  },
  "fa000dab-b174-4fb6-a586-7a791ca2eef6": {
    "asset": 1564820584224,
    "meta": 1564820584254,
    "relativePath": "scenes\\Map_02.fire"
  },
  "22757d6d-1f1d-46b8-8bd8-78efbd6a014b": {
    "asset": 1564709526740,
    "meta": 1564709580006,
    "relativePath": "resources\\TiledMap\\TiledMap_03.tmx"
  },
  "f16c5bce-99f1-4cbc-9655-6aba82fb167f": {
    "asset": 1564237629284,
    "meta": 1564724298060,
    "relativePath": "resources\\sprites\\fly_enemy_hit.plist"
  },
  "232c6886-1b58-4989-8d2e-4ced7260d740": {
    "asset": 1564724174572,
    "meta": 1564724298092,
    "relativePath": "resources\\sprites\\medical_plant.plist"
  },
  "f69afce7-5fcf-4163-9467-85e7f51e2f5e": {
    "asset": 1564724174531,
    "meta": 1564724297820,
    "relativePath": "resources\\sprites\\medical_plant.png"
  },
  "a7b4f830-4bf5-4f92-87ee-6a8a6a5ee825": {
    "asset": 1564724066450,
    "meta": 1564724298139,
    "relativePath": "resources\\sprites\\trap.plist"
  },
  "c44b2864-b15e-4b9b-bda8-85d5ef9c72af": {
    "asset": 1564237629284,
    "meta": 1564724297864,
    "relativePath": "resources\\sprites\\fly_enemy_hit.png"
  },
  "8fac7d7a-2fe6-4c94-8d74-66a098a7887f": {
    "asset": 1564724066440,
    "meta": 1564724297908,
    "relativePath": "resources\\sprites\\trap.png"
  },
  "9f599f1f-f41e-475c-bb31-7c532da69dc4": {
    "asset": 1564237340373,
    "meta": 1564724376933,
    "relativePath": "resources\\sprites\\bullet_enemy_attack.plist"
  },
  "e1079aed-df8d-4585-b182-0f377983b7ea": {
    "asset": 1564237677868,
    "meta": 1564724377092,
    "relativePath": "resources\\sprites\\fly_enemy_run.plist"
  },
  "fc8eb559-d06c-4003-8243-de34f8f99554": {
    "asset": 1564237677868,
    "meta": 1564724376717,
    "relativePath": "resources\\sprites\\fly_enemy_run.png"
  },
  "c8780320-f113-4c98-a649-759ea8ca67fb": {
    "asset": 1564237340373,
    "meta": 1564724376766,
    "relativePath": "resources\\sprites\\bullet_enemy_attack.png"
  },
  "ee922f16-a10c-4e99-a14d-19822b98d493": {
    "asset": 1564725077571,
    "meta": 1564725077886,
    "relativePath": "resources\\prefabs\\animation_clips\\buff.anim"
  },
  "8a815c94-0019-4960-af12-c98401d23d78": {
    "asset": 1564725438116,
    "meta": 1564725438138,
    "relativePath": "resources\\prefabs\\gbuff.prefab"
  },
  "c2552dcb-82b2-4e28-ac53-81d56a8f63d8": {
    "asset": 1564728640398,
    "meta": 1564728640426,
    "relativePath": "resources\\prefabs\\animation_clips\\trap_activate.anim"
  },
  "07d0f51b-354c-4e59-b276-b9489936242a": {
    "asset": 1564795960771,
    "meta": 1564795960795,
    "relativePath": "resources\\prefabs\\trap_01.prefab"
  },
  "6897d017-9ed6-49d7-9b54-691aa6970c50": {
    "asset": 1564061587500,
    "meta": 1564731505064,
    "relativePath": "resources\\sprites\\breakable_platform.png"
  },
  "2eaa51f2-9d35-4b0f-841f-cad66375c8ea": {
    "asset": 1564732753901,
    "meta": 1564732754232,
    "relativePath": "resources\\prefabs\\breakable_platform.prefab"
  },
  "639fe0d6-3bba-4dfc-bc43-5545a1b2dc83": {
    "asset": 1564733696904,
    "meta": 1564733699167,
    "relativePath": "scripts\\breakable_platform.js"
  },
  "68f1acb7-d53f-4003-9062-ac0c6bb57128": {
    "asset": 1535710446000,
    "meta": 1564733879402,
    "relativePath": "resources\\sprites\\bullet.png"
  },
  "14b3b74d-c04a-4c63-bba0-0db6ecd35e11": {
    "asset": 1564734861711,
    "meta": 1564734861741,
    "relativePath": "resources\\prefabs\\animation_clips\\bullet_enemy_attack.anim"
  },
  "49c8a12d-81b0-43de-9b41-c792f1e67b05": {
    "asset": 1564735342652,
    "meta": 1564735342682,
    "relativePath": "resources\\prefabs\\animation_clips\\fly_enemy_move.anim"
  },
  "98489b7a-4019-48b4-9e7f-fd39627bbfcf": {
    "asset": 1564750227879,
    "meta": 1564750227910,
    "relativePath": "resources\\prefabs\\animation_clips\\fly_enemy_hit.anim"
  },
  "b49d6491-cd1e-460d-8ce2-92ef3668b2e8": {
    "asset": 1564745091807,
    "meta": 1564745091831,
    "relativePath": "resources\\prefabs\\bullets.prefab"
  },
  "3c5c66e5-aa36-4ccc-aa6b-c69f40c9faaa": {
    "asset": 1564747615568,
    "meta": 1564747615591,
    "relativePath": "resources\\prefabs\\bullet_enemy.prefab"
  },
  "228d1f23-7cb0-49cd-9865-d10a7b536426": {
    "asset": 1564751867694,
    "meta": 1564751867710,
    "relativePath": "resources\\prefabs\\fly_enemy.prefab"
  },
  "96cddc98-ddbb-4667-b5dc-fa532cbfddba": {
    "asset": 1564820459582,
    "meta": 1564757580583,
    "relativePath": "resources\\audioSource"
  },
  "73bc6c37-8500-41cd-92e9-0c90d094b4d0": {
    "asset": 1525870494000,
    "meta": 1564757580695,
    "relativePath": "resources\\audioSource\\Tropical moments - loop version.wav"
  },
  "c417bb84-9ac3-4b0b-b882-603b7b02d851": {
    "asset": 1544628171000,
    "meta": 1564757980749,
    "relativePath": "resources\\audioSource\\dead.ogg"
  },
  "deb991d8-41b4-4c17-8672-0d82ba403761": {
    "asset": 1544628057000,
    "meta": 1564757980753,
    "relativePath": "resources\\audioSource\\explode.ogg"
  },
  "ae2ffa66-cb5a-4dc0-819d-9d8246512e82": {
    "asset": 1564759375921,
    "meta": 1564759379793,
    "relativePath": "scripts\\bomb.js"
  },
  "8c45e029-bb66-4f90-bc2d-3c9e3f21487f": {
    "asset": 1564792718226,
    "meta": 1564792782305,
    "relativePath": "scripts\\monster_ctrl.js"
  },
  "0445ae5f-444f-4d0d-b675-dcde46b5c85e": {
    "asset": 1564793599554,
    "meta": 1564794877096,
    "relativePath": "resources\\audioSource\\button_click.wav"
  },
  "166c7d37-890c-487a-8e91-29c9df311a62": {
    "asset": 1564794967584,
    "meta": 1564795059821,
    "relativePath": "resources\\audioSource\\trap_activate.wav"
  },
  "0b397eaa-55d2-4dfc-8ab5-0e732043156e": {
    "asset": 1564795896612,
    "meta": 1564795914472,
    "relativePath": "scripts\\trap.js"
  },
  "81308bb8-f182-4d1b-a596-67d783a4b457": {
    "asset": 1544628861000,
    "meta": 1564796803893,
    "relativePath": "resources\\audioSource\\jump.ogg"
  },
  "3dd8c532-8115-4f96-b082-e74157a8b99d": {
    "asset": 1564796986361,
    "meta": 1564796990973,
    "relativePath": "scripts\\buttons.js"
  },
  "96dbdd26-3156-4a46-99ef-126b976091aa": {
    "asset": 1544750929000,
    "meta": 1564815107403,
    "relativePath": "resources\\audioSource\\jump_vocal.ogg"
  },
  "9002fd7b-6969-4e28-811e-b981747d4fd4": {
    "asset": 1564815835420,
    "meta": 1564815905290,
    "relativePath": "resources\\audioSource\\coin_catch_02.wav"
  },
  "70ef9342-8ba5-4aa5-829d-03763f83fe6d": {
    "asset": 1564818735859,
    "meta": 1564819320535,
    "relativePath": "resources\\audioSource\\round_pass.wav"
  },
  "59196dba-20f2-4e8a-b692-ff5c4470e5f8": {
    "asset": 1564818300110,
    "meta": 1564819320548,
    "relativePath": "resources\\audioSource\\round_failed.wav"
  },
  "59189009-cb47-4af9-bc3b-7ac585a35db0": {
    "asset": 1564819779148,
    "meta": 1564820459623,
    "relativePath": "resources\\audioSource\\buff_up.wav"
  },
  "83db580e-fe97-4ff3-8375-1e21d6e388ca": {
    "asset": 1564820529176,
    "meta": 1564820531343,
    "relativePath": "scripts\\player_ctrl.js"
  },
  "c5465ac4-29f9-4897-a12c-0eac960cb713": {
    "asset": 1564821066572,
    "meta": 1564821068030,
    "relativePath": "scripts\\global_manager.js"
  },
  "a5a2ffd5-76a4-4d1b-ac77-7b7305a6267c": {
    "asset": 1564966639444,
    "meta": 1564966640622,
    "relativePath": "scripts\\mainMenu.js"
  }
}