{
  "__type__": "cc.SpriteAtlas",
  "_name": "trap.plist",
  "_objFlags": 0,
  "_native": "",
  "_spriteFrames": {
    "move_spike_1": {
      "__uuid__": "64c47078-256b-47db-b894-23bd381217a2"
    },
    "move_spike_2": {
      "__uuid__": "00106765-070b-476b-beff-f23e09f25c32"
    },
    "move_spike_3": {
      "__uuid__": "f1b0442b-b6df-40f7-a9e2-235f095a30a7"
    },
    "move_spike_4": {
      "__uuid__": "750ad8c8-34cf-4584-aac4-0b81348fbc9e"
    },
    "move_spike_5": {
      "__uuid__": "0950f75b-e04c-4a45-ae5a-9736eedb52ae"
    },
    "move_spike_6": {
      "__uuid__": "e0baf735-e376-43d8-9901-c74046c145cd"
    },
    "move_spike_7": {
      "__uuid__": "a197cd30-8bba-441b-8ffe-7907b0da5249"
    }
  }
}