[
  {
    "__type__": "cc.Prefab",
    "_name": "bomb",
    "_objFlags": 0,
    "_native": "",
    "data": {
      "__id__": 1
    },
    "optimizationPolicy": 0,
    "asyncLoadAssets": false
  },
  {
    "__type__": "cc.Node",
    "_name": "bomb",
    "_objFlags": 0,
    "_parent": null,
    "_children": [],
    "_active": true,
    "_level": 1,
    "_components": [
      {
        "__id__": 2
      },
      {
        "__id__": 3
      },
      {
        "__id__": 4
      },
      {
        "__id__": 5
      },
      {
        "__id__": 6
      }
    ],
    "_prefab": {
      "__id__": 7
    },
    "_opacity": 255,
    "_color": {
      "__type__": "cc.Color",
      "r": 255,
      "g": 255,
      "b": 255,
      "a": 255
    },
    "_contentSize": {
      "__type__": "cc.Size",
      "width": 75,
      "height": 84
    },
    "_anchorPoint": {
      "__type__": "cc.Vec2",
      "x": 0.5,
      "y": 0.5
    },
    "_position": {
      "__type__": "cc.Vec3",
      "x": -296,
      "y": 141,
      "z": 0
    },
    "_scale": {
      "__type__": "cc.Vec3",
      "x": 0.3,
      "y": 0.3,
      "z": 1
    },
    "_rotationX": 0,
    "_rotationY": 0,
    "_quat": {
      "__type__": "cc.Quat",
      "x": 0,
      "y": 0,
      "z": 0,
      "w": 1
    },
    "_skewX": 0,
    "_skewY": 0,
    "groupIndex": 1,
    "_id": ""
  },
  {
    "__type__": "cc.Sprite",
    "_name": "",
    "_objFlags": 0,
    "node": {
      "__id__": 1
    },
    "_enabled": true,
    "_srcBlendFactor": 770,
    "_dstBlendFactor": 771,
    "_spriteFrame": {
      "__uuid__": "6d5a2ef7-53ed-4c82-b797-3d25cfbe39f4"
    },
    "_type": 0,
    "_sizeMode": 0,
    "_fillType": 0,
    "_fillCenter": {
      "__type__": "cc.Vec2",
      "x": 0,
      "y": 0
    },
    "_fillStart": 0,
    "_fillRange": 0,
    "_isTrimmedMode": true,
    "_state": 0,
    "_atlas": {
      "__uuid__": "bc4ad6a3-540a-4437-9386-1a54c7488be7"
    },
    "_id": ""
  },
  {
    "__type__": "cc.Animation",
    "_name": "",
    "_objFlags": 0,
    "node": {
      "__id__": 1
    },
    "_enabled": true,
    "_defaultClip": {
      "__uuid__": "33237c73-e876-4ec9-bff8-b269ae5c002a"
    },
    "_clips": [
      {
        "__uuid__": "33237c73-e876-4ec9-bff8-b269ae5c002a"
      }
    ],
    "playOnLoad": false,
    "_id": ""
  },
  {
    "__type__": "cc.RigidBody",
    "_name": "",
    "_objFlags": 0,
    "node": {
      "__id__": 1
    },
    "_enabled": true,
    "_type": 0,
    "_allowSleep": true,
    "_gravityScale": 1,
    "_linearDamping": 0,
    "_angularDamping": 0,
    "_linearVelocity": {
      "__type__": "cc.Vec2",
      "x": 0,
      "y": 0
    },
    "_angularVelocity": 0,
    "_fixedRotation": false,
    "enabledContactListener": true,
    "bullet": false,
    "awakeOnLoad": true,
    "_id": ""
  },
  {
    "__type__": "cc.PhysicsCircleCollider",
    "_name": "",
    "_objFlags": 0,
    "node": {
      "__id__": 1
    },
    "_enabled": true,
    "tag": 6,
    "_density": 1,
    "_sensor": true,
    "_friction": 0.2,
    "_restitution": 0,
    "body": null,
    "_offset": {
      "__type__": "cc.Vec2",
      "x": 0,
      "y": 0
    },
    "_radius": 50,
    "_id": ""
  },
  {
    "__type__": "ae2ffpmy1pNwIGdnYJGUS6C",
    "_name": "",
    "_objFlags": 0,
    "node": {
      "__id__": 1
    },
    "_enabled": true,
    "audio_explode": {
      "__uuid__": "deb991d8-41b4-4c17-8672-0d82ba403761"
    },
    "_id": ""
  },
  {
    "__type__": "cc.PrefabInfo",
    "root": {
      "__id__": 1
    },
    "asset": {
      "__uuid__": "755deecb-c575-473a-a6ab-b34ce41509c2"
    },
    "fileId": "9fePqh/NdGWJN16b1FffF4",
    "sync": false
  }
]