{
  "__type__": "cc.AnimationClip",
  "_name": "bullet_enemy_move",
  "_objFlags": 0,
  "_native": "",
  "_duration": 0.4166666666666667,
  "sample": 60,
  "speed": 0.3,
  "wrapMode": "2",
  "curveData": {
    "comps": {
      "cc.Sprite": {
        "spriteFrame": [
          {
            "frame": 0,
            "value": {
              "__uuid__": "7884a641-559a-4fdf-99a3-53009331e443"
            }
          },
          {
            "frame": 0.016666666666666666,
            "value": {
              "__uuid__": "049e245a-89ce-4993-a661-70bf65df7e7c"
            }
          },
          {
            "frame": 0.03333333333333333,
            "value": {
              "__uuid__": "eec414e4-d386-4238-b519-3521687bb92c"
            }
          },
          {
            "frame": 0.05,
            "value": {
              "__uuid__": "ece891f9-b6e5-45e0-88d7-d8524ef25d60"
            }
          },
          {
            "frame": 0.06666666666666667,
            "value": {
              "__uuid__": "6ee2c7f7-0838-4ca8-9641-9f495ac21276"
            }
          },
          {
            "frame": 0.08333333333333333,
            "value": {
              "__uuid__": "12254e51-2b5c-4780-bd5c-c55a96c73c43"
            }
          },
          {
            "frame": 0.1,
            "value": {
              "__uuid__": "cad98d16-f3d1-4720-ac01-a82c46a17e9a"
            }
          },
          {
            "frame": 0.11666666666666667,
            "value": {
              "__uuid__": "57210869-3bbf-4222-a24a-9f030ded4851"
            }
          },
          {
            "frame": 0.13333333333333333,
            "value": {
              "__uuid__": "6d20efa0-6d7e-4d5d-9411-a08386a25ba4"
            }
          },
          {
            "frame": 0.15,
            "value": {
              "__uuid__": "6e7afb86-b5a6-4c87-b027-d89bf929f64f"
            }
          },
          {
            "frame": 0.16666666666666666,
            "value": {
              "__uuid__": "7f3277c4-a403-4939-8f78-c2eca5c1487d"
            }
          },
          {
            "frame": 0.18333333333333332,
            "value": {
              "__uuid__": "bf828bae-991f-4523-b99f-c8bfabc1e4ad"
            }
          },
          {
            "frame": 0.2,
            "value": {
              "__uuid__": "3ce98598-d4fa-4837-9653-35335854ebc4"
            }
          },
          {
            "frame": 0.21666666666666667,
            "value": {
              "__uuid__": "4bb3703c-4a7c-4117-a6f9-350e3d9dd86d"
            }
          },
          {
            "frame": 0.23333333333333334,
            "value": {
              "__uuid__": "ebaf3b27-7968-433a-8e77-c5132b6a1e15"
            }
          },
          {
            "frame": 0.25,
            "value": {
              "__uuid__": "3b54b528-7a2e-4169-8e8f-7f0e681c29fe"
            }
          },
          {
            "frame": 0.26666666666666666,
            "value": {
              "__uuid__": "54a68c57-53e8-470d-9bd5-01f8c0ebd0ef"
            }
          },
          {
            "frame": 0.2833333333333333,
            "value": {
              "__uuid__": "d81caf73-cfce-41e1-addd-97005b1a382a"
            }
          },
          {
            "frame": 0.3,
            "value": {
              "__uuid__": "b4f7cfbf-d221-459f-b55f-9484503d8168"
            }
          },
          {
            "frame": 0.31666666666666665,
            "value": {
              "__uuid__": "943c07fe-20fd-45ab-917e-0011abd25823"
            }
          },
          {
            "frame": 0.3333333333333333,
            "value": {
              "__uuid__": "f49fb657-2237-4f77-a7f4-c5fc8e53d642"
            }
          },
          {
            "frame": 0.35,
            "value": {
              "__uuid__": "3f5ced0b-1679-478e-a9a8-92ed42e3b25e"
            }
          },
          {
            "frame": 0.36666666666666664,
            "value": {
              "__uuid__": "e49362c8-e202-4e73-bd61-d2a0b51d9920"
            }
          },
          {
            "frame": 0.38333333333333336,
            "value": {
              "__uuid__": "be3e62c8-d20b-4214-afe7-00552dbff5e0"
            }
          },
          {
            "frame": 0.4,
            "value": {
              "__uuid__": "5bcebde1-15b9-4210-950d-0d658539c140"
            }
          }
        ]
      }
    }
  },
  "events": []
}