{
  "__type__": "cc.AnimationClip",
  "_name": "silver_spikes_anim",
  "_objFlags": 0,
  "_native": "",
  "_duration": 0.13333333333333333,
  "sample": 60,
  "speed": 0.1,
  "wrapMode": "2",
  "curveData": {
    "comps": {
      "cc.Sprite": {
        "spriteFrame": [
          {
            "frame": 0,
            "value": {
              "__uuid__": "e89ec9f3-efca-4bb0-821d-8de421209019"
            }
          },
          {
            "frame": 0.016666666666666666,
            "value": {
              "__uuid__": "9042dadb-fb36-4b58-b8be-57034163873f"
            }
          },
          {
            "frame": 0.03333333333333333,
            "value": {
              "__uuid__": "394e5860-5e61-4eef-8649-90ef02c1a3f3"
            }
          },
          {
            "frame": 0.05,
            "value": {
              "__uuid__": "15d696f4-4c7d-46af-a208-054fe1b2573c"
            }
          },
          {
            "frame": 0.06666666666666667,
            "value": {
              "__uuid__": "ced436d0-874c-4ddd-bc5e-9df43fc2f29e"
            }
          },
          {
            "frame": 0.08333333333333333,
            "value": {
              "__uuid__": "16d80fea-0917-4bfc-8c8f-61f9d2276e09"
            }
          },
          {
            "frame": 0.1,
            "value": {
              "__uuid__": "da061c44-0b29-495f-804f-afec4fa1c163"
            }
          },
          {
            "frame": 0.11666666666666667,
            "value": {
              "__uuid__": "cfb5eba7-c59b-4e47-871b-8e38520ce12e"
            }
          }
        ]
      }
    },
    "props": {
      "scaleX": [
        {
          "frame": 0,
          "value": 1
        },
        {
          "frame": 0.06666666666666667,
          "value": 0.5
        },
        {
          "frame": 0.11666666666666667,
          "value": 1
        }
      ],
      "scaleY": [
        {
          "frame": 0,
          "value": 1
        },
        {
          "frame": 0.06666666666666667,
          "value": 2
        },
        {
          "frame": 0.11666666666666667,
          "value": 1
        }
      ]
    }
  },
  "events": []
}