{
  "__type__": "cc.AnimationClip",
  "_name": "fly_enemy_hit",
  "_objFlags": 0,
  "_native": "",
  "_duration": 0.4166666666666667,
  "sample": 60,
  "speed": 1,
  "wrapMode": "2",
  "curveData": {
    "comps": {
      "cc.Sprite": {
        "spriteFrame": [
          {
            "frame": 0,
            "value": {
              "__uuid__": "734c163d-a0df-4007-8f98-8bbf90b718b6"
            }
          },
          {
            "frame": 0.016666666666666666,
            "value": {
              "__uuid__": "5cd8aa8d-4f65-42b5-a605-65340b41ac94"
            }
          },
          {
            "frame": 0.03333333333333333,
            "value": {
              "__uuid__": "d47eeb73-a741-49ca-a182-402f524dad06"
            }
          },
          {
            "frame": 0.05,
            "value": {
              "__uuid__": "6fa7e5b3-f369-4f11-93a3-2969e007b2a3"
            }
          },
          {
            "frame": 0.06666666666666667,
            "value": {
              "__uuid__": "34f01e73-46a9-4268-b46c-d52fde5b7238"
            }
          },
          {
            "frame": 0.08333333333333333,
            "value": {
              "__uuid__": "0d560e07-1a4c-4e7d-8a97-10fb5d1fea8b"
            }
          },
          {
            "frame": 0.1,
            "value": {
              "__uuid__": "89ea4a57-8c27-4c65-95b2-ff2909180608"
            }
          },
          {
            "frame": 0.11666666666666667,
            "value": {
              "__uuid__": "ccd30154-abea-464e-bcdc-56fffae90cb3"
            }
          },
          {
            "frame": 0.13333333333333333,
            "value": {
              "__uuid__": "a728e57b-bec2-482f-8f61-90859bfc839f"
            }
          },
          {
            "frame": 0.15,
            "value": {
              "__uuid__": "d41eccab-fb6d-412d-b74d-e6e1cdff52de"
            }
          },
          {
            "frame": 0.16666666666666666,
            "value": {
              "__uuid__": "36bc0ddf-9cf5-4f00-bc32-a09f3d5fd01c"
            }
          },
          {
            "frame": 0.18333333333333332,
            "value": {
              "__uuid__": "8bf4037e-fe48-4475-8bf9-43ecc793b3d5"
            }
          },
          {
            "frame": 0.2,
            "value": {
              "__uuid__": "5faa021e-551d-4191-9351-7f5c8974e087"
            }
          },
          {
            "frame": 0.21666666666666667,
            "value": {
              "__uuid__": "7514919d-e82c-4221-bbb6-ec18faa371d0"
            }
          },
          {
            "frame": 0.23333333333333334,
            "value": {
              "__uuid__": "7fd1dc99-301d-4be8-98ef-42aa1e496b06"
            }
          },
          {
            "frame": 0.25,
            "value": {
              "__uuid__": "244b02ff-a199-4769-b32a-61e343d56b2c"
            }
          },
          {
            "frame": 0.26666666666666666,
            "value": {
              "__uuid__": "8dc26465-51e7-4be2-b72c-24e13d691c8d"
            }
          },
          {
            "frame": 0.2833333333333333,
            "value": {
              "__uuid__": "45de8dc9-1937-4600-9498-8dfe788d8655"
            }
          },
          {
            "frame": 0.3,
            "value": {
              "__uuid__": "7243a4f4-a3b9-4b4f-9251-bb93e3afa9fd"
            }
          },
          {
            "frame": 0.31666666666666665,
            "value": {
              "__uuid__": "67422e08-8d94-43d8-bf78-8eff2c859c45"
            }
          },
          {
            "frame": 0.3333333333333333,
            "value": {
              "__uuid__": "990e1ee6-b753-4124-b614-bceef9d9fd3c"
            }
          },
          {
            "frame": 0.35,
            "value": {
              "__uuid__": "5d441379-63e5-43be-85d7-61d781fdb555"
            }
          },
          {
            "frame": 0.36666666666666664,
            "value": {
              "__uuid__": "e37f7617-ae3f-4140-805c-66fa9c23ea61"
            }
          },
          {
            "frame": 0.38333333333333336,
            "value": {
              "__uuid__": "d2f7163e-9b6a-4f4b-869f-31f20c2995e6"
            }
          },
          {
            "frame": 0.4,
            "value": {
              "__uuid__": "920325d8-d88c-4935-99f0-0e2dbcdb8701"
            }
          }
        ]
      }
    }
  },
  "events": []
}