{
  "__type__": "cc.SpriteAtlas",
  "_name": "brown_spikes.plist",
  "_objFlags": 0,
  "_native": "",
  "_spriteFrames": {
    "sss1": {
      "__uuid__": "fc145fec-cf55-42b0-9c0d-eb7bc6757217"
    },
    "sss2": {
      "__uuid__": "81a6f86c-b58d-4fc2-86b3-906e4ad4169f"
    },
    "sss3": {
      "__uuid__": "22b807db-18bd-4361-b924-c88d32889a40"
    },
    "sss4": {
      "__uuid__": "7288627a-a890-4797-958a-3f10eea87858"
    },
    "sss5": {
      "__uuid__": "aed63ad3-7995-411a-86f2-ee41fb9a7a6d"
    },
    "sss6": {
      "__uuid__": "9d639dd0-5b4f-4c1a-840e-af81811e1e15"
    },
    "sss7": {
      "__uuid__": "eda5376f-53b5-4907-8531-ab39a6aa1381"
    },
    "sss8": {
      "__uuid__": "4d16f903-d218-4115-9d15-9bfa008b0538"
    }
  }
}