[
  {
    "__type__": "cc.Prefab",
    "_name": "player",
    "_objFlags": 0,
    "_native": "",
    "data": {
      "__id__": 1
    },
    "optimizationPolicy": 0,
    "asyncLoadAssets": false
  },
  {
    "__type__": "cc.Node",
    "_name": "player",
    "_objFlags": 0,
    "_parent": null,
    "_children": [],
    "_active": true,
    "_level": 1,
    "_components": [
      {
        "__id__": 2
      },
      {
        "__id__": 3
      },
      {
        "__id__": 4
      },
      {
        "__id__": 5
      }
    ],
    "_prefab": {
      "__id__": 6
    },
    "_opacity": 255,
    "_color": {
      "__type__": "cc.Color",
      "r": 255,
      "g": 255,
      "b": 255,
      "a": 255
    },
    "_contentSize": {
      "__type__": "cc.Size",
      "width": 0,
      "height": 0
    },
    "_anchorPoint": {
      "__type__": "cc.Vec2",
      "x": 0.5,
      "y": 0.5
    },
    "_position": {
      "__type__": "cc.Vec3",
      "x": -352,
      "y": -196,
      "z": 0
    },
    "_scale": {
      "__type__": "cc.Vec3",
      "x": 0.3,
      "y": 0.3,
      "z": 1
    },
    "_rotationX": 0,
    "_rotationY": 0,
    "_quat": {
      "__type__": "cc.Quat",
      "x": 0,
      "y": 0,
      "z": 0,
      "w": 1
    },
    "_skewX": 0,
    "_skewY": 0,
    "groupIndex": 1,
    "_id": ""
  },
  {
    "__type__": "dragonBones.ArmatureDisplay",
    "_name": "",
    "_objFlags": 0,
    "node": {
      "__id__": 1
    },
    "_enabled": true,
    "_armatureName": "Armature",
    "_animationName": "",
    "_preCacheMode": 0,
    "_cacheMode": 0,
    "playTimes": -1,
    "premultipliedAlpha": false,
    "_armatureKey": "e15da315-a42e-45d0-b3d7-8ee1afc180fe#69629183-2888-45b7-99c9-a5a04dda45cf",
    "_accTime": 0,
    "_playCount": 0,
    "_frameCache": null,
    "_curFrame": null,
    "_playing": false,
    "_armatureCache": null,
    "_N$dragonAsset": {
      "__uuid__": "e15da315-a42e-45d0-b3d7-8ee1afc180fe"
    },
    "_N$dragonAtlasAsset": {
      "__uuid__": "69629183-2888-45b7-99c9-a5a04dda45cf"
    },
    "_N$_defaultArmatureIndex": 0,
    "_N$_animationIndex": 0,
    "_N$_defaultCacheMode": 0,
    "_N$timeScale": 1,
    "_N$debugBones": false,
    "_N$enableBatch": false,
    "_id": ""
  },
  {
    "__type__": "cc.RigidBody",
    "_name": "",
    "_objFlags": 0,
    "node": {
      "__id__": 1
    },
    "_enabled": true,
    "_type": 2,
    "_allowSleep": true,
    "_gravityScale": 5,
    "_linearDamping": 0,
    "_angularDamping": 0,
    "_linearVelocity": {
      "__type__": "cc.Vec2",
      "x": 0,
      "y": 0
    },
    "_angularVelocity": 0,
    "_fixedRotation": true,
    "enabledContactListener": true,
    "bullet": false,
    "awakeOnLoad": true,
    "_id": ""
  },
  {
    "__type__": "cc.PhysicsBoxCollider",
    "_name": "",
    "_objFlags": 0,
    "node": {
      "__id__": 1
    },
    "_enabled": true,
    "tag": 0,
    "_density": 1,
    "_sensor": false,
    "_friction": 0,
    "_restitution": 0,
    "body": null,
    "_offset": {
      "__type__": "cc.Vec2",
      "x": 0,
      "y": 3
    },
    "_size": {
      "__type__": "cc.Size",
      "width": 64,
      "height": 117
    },
    "_id": ""
  },
  {
    "__type__": "83db5gO/pdP84N1HiHW44jK",
    "_name": "",
    "_objFlags": 0,
    "node": {
      "__id__": 1
    },
    "_enabled": true,
    "runSpeed": 25,
    "runDamp": 25,
    "maxSpeed": {
      "__type__": "cc.Vec2",
      "x": 250,
      "y": 250
    },
    "directionX": 0,
    "directionY": 0,
    "jumpSpeed": 500,
    "jumping": false,
    "running": false,
    "climbable": false,
    "climbing": false,
    "buffing": false,
    "dead": false,
    "touching_ladder": null,
    "coin_count": null,
    "bomb_prefab": {
      "__uuid__": "755deecb-c575-473a-a6ab-b34ce41509c2"
    },
    "buff_prefab": {
      "__uuid__": "8a815c94-0019-4960-af12-c98401d23d78"
    },
    "audio_jump": {
      "__uuid__": "81308bb8-f182-4d1b-a596-67d783a4b457"
    },
    "audio_dead": {
      "__uuid__": "c417bb84-9ac3-4b0b-b882-603b7b02d851"
    },
    "audio_coin": {
      "__uuid__": "9002fd7b-6969-4e28-811e-b981747d4fd4"
    },
    "audio_buff": {
      "__uuid__": "59189009-cb47-4af9-bc3b-7ac585a35db0"
    },
    "_id": ""
  },
  {
    "__type__": "cc.PrefabInfo",
    "root": {
      "__id__": 1
    },
    "asset": {
      "__uuid__": "94ccc3e2-cb10-428a-94e2-448e5924516c"
    },
    "fileId": "beTqi4h3FB/orLATgDiCLN",
    "sync": false
  }
]