{
  "__type__": "cc.AnimationClip",
  "_name": "coin_roll",
  "_objFlags": 0,
  "_native": "",
  "_duration": 1,
  "sample": 60,
  "speed": 0.5,
  "wrapMode": "2",
  "curveData": {
    "props": {
      "rotation": [
        {
          "frame": 0,
          "value": 0
        },
        {
          "frame": 0.25,
          "value": 45
        },
        {
          "frame": 0.5,
          "value": 0
        },
        {
          "frame": 0.75,
          "value": -45
        },
        {
          "frame": 1,
          "value": 0
        }
      ]
    }
  },
  "events": []
}