{
  "__type__": "cc.AnimationClip",
  "_name": "brown_spikes_anim",
  "_objFlags": 0,
  "_native": "",
  "_duration": 0.13333333333333333,
  "sample": 60,
  "speed": 0.1,
  "wrapMode": "2",
  "curveData": {
    "comps": {
      "cc.Sprite": {
        "spriteFrame": [
          {
            "frame": 0,
            "value": {
              "__uuid__": "fc145fec-cf55-42b0-9c0d-eb7bc6757217"
            }
          },
          {
            "frame": 0.016666666666666666,
            "value": {
              "__uuid__": "81a6f86c-b58d-4fc2-86b3-906e4ad4169f"
            }
          },
          {
            "frame": 0.03333333333333333,
            "value": {
              "__uuid__": "22b807db-18bd-4361-b924-c88d32889a40"
            }
          },
          {
            "frame": 0.05,
            "value": {
              "__uuid__": "7288627a-a890-4797-958a-3f10eea87858"
            }
          },
          {
            "frame": 0.06666666666666667,
            "value": {
              "__uuid__": "aed63ad3-7995-411a-86f2-ee41fb9a7a6d"
            }
          },
          {
            "frame": 0.08333333333333333,
            "value": {
              "__uuid__": "9d639dd0-5b4f-4c1a-840e-af81811e1e15"
            }
          },
          {
            "frame": 0.1,
            "value": {
              "__uuid__": "eda5376f-53b5-4907-8531-ab39a6aa1381"
            }
          },
          {
            "frame": 0.11666666666666667,
            "value": {
              "__uuid__": "4d16f903-d218-4115-9d15-9bfa008b0538"
            }
          }
        ]
      }
    }
  },
  "events": []
}