[
  {
    "__type__": "cc.Prefab",
    "_name": "global_manager",
    "_objFlags": 0,
    "_native": "",
    "data": {
      "__id__": 1
    },
    "optimizationPolicy": 0,
    "asyncLoadAssets": false
  },
  {
    "__type__": "cc.Node",
    "_name": "global_manager",
    "_objFlags": 0,
    "_parent": null,
    "_children": [],
    "_active": true,
    "_level": 1,
    "_components": [
      {
        "__id__": 2
      }
    ],
    "_prefab": {
      "__id__": 3
    },
    "_opacity": 255,
    "_color": {
      "__type__": "cc.Color",
      "r": 255,
      "g": 255,
      "b": 255,
      "a": 255
    },
    "_contentSize": {
      "__type__": "cc.Size",
      "width": 0,
      "height": 0
    },
    "_anchorPoint": {
      "__type__": "cc.Vec2",
      "x": 0.5,
      "y": 0.5
    },
    "_position": {
      "__type__": "cc.Vec3",
      "x": 480,
      "y": 320,
      "z": 0
    },
    "_scale": {
      "__type__": "cc.Vec3",
      "x": 1,
      "y": 1,
      "z": 1
    },
    "_rotationX": 0,
    "_rotationY": 0,
    "_quat": {
      "__type__": "cc.Quat",
      "x": 0,
      "y": 0,
      "z": 0,
      "w": 1
    },
    "_skewX": 0,
    "_skewY": 0,
    "groupIndex": 0,
    "_id": ""
  },
  {
    "__type__": "c5465rEKflIl6EsDqyWDLcT",
    "_name": "",
    "_objFlags": 0,
    "node": {
      "__id__": 1
    },
    "_enabled": true,
    "levelScenes": [],
    "levelCoin": null,
    "levelUnlock": null,
    "mainMenu": "",
    "chooseScene": "",
    "levelNow": 0,
    "roundEnd": {
      "__uuid__": "7394284b-d94a-454c-b81f-4c7853f1bb77"
    },
    "audio_click": {
      "__uuid__": "0445ae5f-444f-4d0d-b675-dcde46b5c85e"
    },
    "audio_music": {
      "__uuid__": "73bc6c37-8500-41cd-92e9-0c90d094b4d0"
    },
    "audio_round_pass": {
      "__uuid__": "70ef9342-8ba5-4aa5-829d-03763f83fe6d"
    },
    "audio_round_failed": {
      "__uuid__": "59196dba-20f2-4e8a-b692-ff5c4470e5f8"
    },
    "round_end_status": false,
    "_id": ""
  },
  {
    "__type__": "cc.PrefabInfo",
    "root": {
      "__id__": 1
    },
    "asset": {
      "__uuid__": "f709e87a-b972-409d-b24f-01d0bfc39233"
    },
    "fileId": "e7cLt8C4lNC4LL0ZhzU7Ub",
    "sync": false
  }
]