{
  "__type__": "cc.TiledMapAsset",
  "_name": "TiledMap_03",
  "_objFlags": 0,
  "_native": "",
  "tmxXmlStr": "<?xml version=\"1.0\" encoding=\"UTF-8\"?>\r\n<map version=\"1.0\" tiledversion=\"1.0.3\" orientation=\"orthogonal\" renderorder=\"right-down\" width=\"25\" height=\"15\" tilewidth=\"512\" tileheight=\"512\" nextobjectid=\"1\">\r\n <tileset firstgid=\"1\" source=\"Tileset_Rock.tsx\"/>\r\n <layer name=\"块层 1\" width=\"25\" height=\"15\">\r\n  <data encoding=\"csv\">\r\n0,0,0,0,0,0,17,25,0,0,0,0,0,0,0,0,0,0,0,0,0,0,0,0,0,\r\n0,0,0,0,0,0,65,73,0,0,0,0,0,0,0,0,0,0,0,0,0,0,0,0,0,\r\n0,0,0,0,0,0,81,57,0,0,0,0,0,0,0,0,0,0,0,0,0,0,0,0,0,\r\n0,0,0,0,0,0,81,57,0,0,0,0,0,0,0,0,0,0,0,0,0,0,0,0,0,\r\n0,0,0,114,103,103,104,56,0,114,100,116,102,116,102,116,100,117,0,0,0,0,0,0,0,\r\n0,0,0,0,0,0,0,0,0,0,0,0,0,0,0,0,114,103,101,7,9,0,0,0,0,\r\n0,0,0,0,0,0,0,0,0,0,0,0,0,0,0,0,0,0,0,49,57,0,0,0,0,\r\n0,0,0,0,0,0,1,6,4,3,4,6,4,6,9,0,0,0,0,33,98,100,102,103,100,\r\n9,0,0,0,0,0,50,52,55,51,54,51,52,51,56,0,0,0,0,17,25,0,0,0,0,\r\n41,0,0,0,0,0,0,0,0,0,0,0,0,0,0,114,100,103,103,104,56,0,0,0,0,\r\n98,99,101,103,102,101,102,101,117,0,0,0,0,0,0,0,0,0,0,0,0,0,0,0,0,\r\n0,0,0,0,0,0,0,0,0,0,0,0,0,0,0,0,0,0,0,0,0,0,0,0,0,\r\n0,0,0,0,0,0,0,0,0,0,0,0,0,0,0,0,0,0,0,0,0,0,0,0,0,\r\n3,5,3,7,3,5,3,3,3,5,3,5,3,3,3,5,3,3,5,5,3,3,3,5,3,\r\n21,131,135,34,150,131,135,150,134,131,21,135,34,131,150,135,150,131,150,135,150,34,34,131,150\r\n</data>\r\n </layer>\r\n</map>\r\n",
  "textures": [
    {
      "__uuid__": "dd89bae1-0741-43ff-a3fc-a560733c72d0"
    }
  ],
  "textureNames": [
    "Tileset_Rock.png"
  ],
  "tsxFiles": [
    {
      "__uuid__": "7fc19386-1d2d-4308-bba0-7b897fee3807"
    }
  ],
  "tsxFileNames": [
    "Tileset_Rock.tsx"
  ]
}