{
  "__type__": "cc.AnimationClip",
  "_name": "buff",
  "_objFlags": 0,
  "_native": "",
  "_duration": 0.08333333333333333,
  "sample": 60,
  "speed": 0.1,
  "wrapMode": "2",
  "curveData": {
    "comps": {
      "cc.Sprite": {
        "spriteFrame": [
          {
            "frame": 0,
            "value": {
              "__uuid__": "5d0fe389-7258-41d7-9ea3-a391b4f936bb"
            }
          },
          {
            "frame": 0.016666666666666666,
            "value": {
              "__uuid__": "2cf7dcd5-69f2-434f-b48c-dae5a5c75913"
            }
          },
          {
            "frame": 0.03333333333333333,
            "value": {
              "__uuid__": "10ff6398-7717-4768-a75e-65eb3ff4d552"
            }
          },
          {
            "frame": 0.05,
            "value": {
              "__uuid__": "2cf7dcd5-69f2-434f-b48c-dae5a5c75913"
            }
          },
          {
            "frame": 0.06666666666666667,
            "value": {
              "__uuid__": "5d0fe389-7258-41d7-9ea3-a391b4f936bb"
            }
          }
        ]
      }
    },
    "props": {
      "scale": [
        {
          "frame": 0,
          "value": {
            "__type__": "cc.Vec2",
            "x": 5,
            "y": 5
          }
        },
        {
          "frame": 0.06666666666666667,
          "value": {
            "__type__": "cc.Vec2",
            "x": 5,
            "y": 5
          }
        }
      ]
    }
  },
  "events": []
}