{
  "__type__": "cc.TiledMapAsset",
  "_name": "TiledMap_02",
  "_objFlags": 0,
  "_native": "",
  "tmxXmlStr": "<?xml version=\"1.0\" encoding=\"UTF-8\"?>\r\n<map version=\"1.0\" tiledversion=\"1.0.3\" orientation=\"orthogonal\" renderorder=\"right-down\" width=\"25\" height=\"15\" tilewidth=\"512\" tileheight=\"512\" nextobjectid=\"1\">\r\n <tileset firstgid=\"1\" source=\"Tileset_Rock.tsx\"/>\r\n <layer name=\"块层 1\" width=\"25\" height=\"15\">\r\n  <data encoding=\"csv\">\r\n0,0,0,0,0,0,0,0,0,0,0,0,0,0,0,0,0,0,0,0,0,0,0,0,0,\r\n0,0,0,0,0,0,0,0,0,0,0,0,0,0,0,0,0,0,0,0,0,0,0,0,0,\r\n0,0,0,0,0,0,0,0,0,0,0,0,0,0,0,0,0,0,0,0,0,0,0,0,0,\r\n0,0,0,0,0,0,0,0,0,0,0,0,0,0,0,0,0,0,0,0,0,0,0,0,0,\r\n103,116,102,4,5,102,117,0,0,0,1,4,5,6,5,4,6,4,6,9,0,0,0,0,0,\r\n0,0,0,17,41,0,0,0,0,0,50,54,51,55,51,52,55,51,55,56,0,0,0,0,0,\r\n0,0,0,49,25,0,0,0,0,0,0,0,0,0,0,0,0,0,0,0,0,0,0,0,0,\r\n0,0,0,50,84,6,116,100,102,116,116,116,117,0,0,0,0,0,0,0,0,0,0,0,0,\r\n0,0,0,0,0,74,0,0,0,0,0,0,0,0,0,0,0,114,103,102,116,103,102,7,6,\r\n0,0,0,0,0,106,0,0,0,0,0,0,0,0,0,0,0,0,0,0,0,0,0,33,19,\r\n102,100,102,116,100,68,0,0,0,0,0,0,0,0,0,0,0,0,0,0,0,0,0,17,34,\r\n0,0,0,0,0,0,0,0,1,4,5,6,5,4,6,4,6,9,0,0,0,0,0,81,36,\r\n0,0,0,0,0,0,0,0,50,54,51,55,51,52,55,51,55,56,0,1,9,0,0,49,37,\r\n0,0,0,0,0,0,0,0,0,0,0,0,0,0,0,0,0,0,0,17,89,0,0,97,37,\r\n2,6,2,2,2,6,6,4,4,6,2,2,2,2,4,2,6,2,2,69,88,2,2,69,19\r\n</data>\r\n </layer>\r\n</map>\r\n",
  "textures": [
    {
      "__uuid__": "dd89bae1-0741-43ff-a3fc-a560733c72d0"
    }
  ],
  "textureNames": [
    "Tileset_Rock.png"
  ],
  "tsxFiles": [
    {
      "__uuid__": "7fc19386-1d2d-4308-bba0-7b897fee3807"
    }
  ],
  "tsxFileNames": [
    "Tileset_Rock.tsx"
  ]
}