{
  "__type__": "cc.SpriteAtlas",
  "_name": "fly_enemy_hit.plist",
  "_objFlags": 0,
  "_native": "",
  "_spriteFrames": {
    "Version1_Hit_00": {
      "__uuid__": "734c163d-a0df-4007-8f98-8bbf90b718b6"
    },
    "Version1_Hit_01": {
      "__uuid__": "5cd8aa8d-4f65-42b5-a605-65340b41ac94"
    },
    "Version1_Hit_02": {
      "__uuid__": "d47eeb73-a741-49ca-a182-402f524dad06"
    },
    "Version1_Hit_03": {
      "__uuid__": "6fa7e5b3-f369-4f11-93a3-2969e007b2a3"
    },
    "Version1_Hit_04": {
      "__uuid__": "34f01e73-46a9-4268-b46c-d52fde5b7238"
    },
    "Version1_Hit_05": {
      "__uuid__": "0d560e07-1a4c-4e7d-8a97-10fb5d1fea8b"
    },
    "Version1_Hit_06": {
      "__uuid__": "89ea4a57-8c27-4c65-95b2-ff2909180608"
    },
    "Version1_Hit_07": {
      "__uuid__": "ccd30154-abea-464e-bcdc-56fffae90cb3"
    },
    "Version1_Hit_08": {
      "__uuid__": "a728e57b-bec2-482f-8f61-90859bfc839f"
    },
    "Version1_Hit_09": {
      "__uuid__": "d41eccab-fb6d-412d-b74d-e6e1cdff52de"
    },
    "Version1_Hit_10": {
      "__uuid__": "36bc0ddf-9cf5-4f00-bc32-a09f3d5fd01c"
    },
    "Version1_Hit_11": {
      "__uuid__": "8bf4037e-fe48-4475-8bf9-43ecc793b3d5"
    },
    "Version1_Hit_12": {
      "__uuid__": "5faa021e-551d-4191-9351-7f5c8974e087"
    },
    "Version1_Hit_13": {
      "__uuid__": "7514919d-e82c-4221-bbb6-ec18faa371d0"
    },
    "Version1_Hit_14": {
      "__uuid__": "7fd1dc99-301d-4be8-98ef-42aa1e496b06"
    },
    "Version1_Hit_15": {
      "__uuid__": "244b02ff-a199-4769-b32a-61e343d56b2c"
    },
    "Version1_Hit_16": {
      "__uuid__": "8dc26465-51e7-4be2-b72c-24e13d691c8d"
    },
    "Version1_Hit_17": {
      "__uuid__": "45de8dc9-1937-4600-9498-8dfe788d8655"
    },
    "Version1_Hit_18": {
      "__uuid__": "7243a4f4-a3b9-4b4f-9251-bb93e3afa9fd"
    },
    "Version1_Hit_19": {
      "__uuid__": "67422e08-8d94-43d8-bf78-8eff2c859c45"
    },
    "Version1_Hit_20": {
      "__uuid__": "990e1ee6-b753-4124-b614-bceef9d9fd3c"
    },
    "Version1_Hit_21": {
      "__uuid__": "5d441379-63e5-43be-85d7-61d781fdb555"
    },
    "Version1_Hit_22": {
      "__uuid__": "e37f7617-ae3f-4140-805c-66fa9c23ea61"
    },
    "Version1_Hit_23": {
      "__uuid__": "d2f7163e-9b6a-4f4b-869f-31f20c2995e6"
    },
    "Version1_Hit_24": {
      "__uuid__": "920325d8-d88c-4935-99f0-0e2dbcdb8701"
    }
  }
}