{
  "__type__": "cc.TiledMapAsset",
  "_name": "TiledMap_01",
  "_objFlags": 0,
  "_native": "",
  "tmxXmlStr": "<?xml version=\"1.0\" encoding=\"UTF-8\"?>\r\n<map version=\"1.0\" tiledversion=\"1.0.3\" orientation=\"orthogonal\" renderorder=\"right-down\" width=\"25\" height=\"15\" tilewidth=\"512\" tileheight=\"512\" nextobjectid=\"1\">\r\n <tileset firstgid=\"1\" source=\"Tileset_Rock.tsx\"/>\r\n <layer name=\"块层 1\" width=\"25\" height=\"15\">\r\n  <data encoding=\"csv\">\r\n0,0,0,0,0,0,0,0,0,0,0,0,0,0,0,0,0,0,0,0,0,0,0,0,0,\r\n0,0,0,0,0,0,0,0,0,0,0,0,0,0,0,0,0,0,0,0,0,0,0,0,0,\r\n102,103,102,99,102,103,117,0,0,0,0,0,0,0,0,0,0,0,0,0,0,0,0,0,0,\r\n0,0,0,0,0,0,0,0,0,1,4,8,4,8,4,8,4,4,8,4,8,4,9,0,0,\r\n0,0,0,0,0,0,0,0,0,50,51,53,51,53,51,53,53,51,53,51,51,53,56,0,0,\r\n0,0,0,0,0,0,0,0,0,0,0,0,0,0,0,0,0,0,0,0,0,0,0,0,0,\r\n0,0,0,1,9,0,0,0,0,0,0,0,0,0,0,0,0,0,0,0,0,0,0,0,0,\r\n0,0,0,81,57,0,0,0,0,0,0,0,0,0,0,0,0,0,0,0,0,0,0,0,0,\r\n5,5,5,69,86,3,3,3,3,3,3,3,3,3,3,3,3,8,9,0,0,0,0,0,0,\r\n0,0,0,0,0,0,0,0,0,0,0,0,0,0,0,0,0,113,25,0,0,0,0,0,0,\r\n0,0,0,0,0,0,0,0,0,0,0,0,0,0,0,0,0,113,25,0,0,1,9,0,0,\r\n0,0,0,0,0,0,0,0,0,0,0,0,0,0,0,0,0,49,25,0,0,17,89,0,0,\r\n0,0,0,0,0,0,0,1,2,3,3,3,3,3,3,3,3,70,87,3,3,70,87,6,6,\r\n0,0,0,1,5,5,5,34,23,52,20,21,18,21,21,18,22,21,20,22,20,21,20,21,21,\r\n2,6,6,38,38,38,23,23,52,23,23,39,23,52,52,23,23,23,23,23,34,52,34,52,34\r\n</data>\r\n </layer>\r\n</map>\r\n",
  "textures": [
    {
      "__uuid__": "dd89bae1-0741-43ff-a3fc-a560733c72d0"
    }
  ],
  "textureNames": [
    "Tileset_Rock.png"
  ],
  "tsxFiles": [
    {
      "__uuid__": "7fc19386-1d2d-4308-bba0-7b897fee3807"
    }
  ],
  "tsxFileNames": [
    "Tileset_Rock.tsx"
  ]
}