{
  "__type__": "cc.SpriteAtlas",
  "_name": "silver_spikes.plist",
  "_objFlags": 0,
  "_native": "",
  "_spriteFrames": {
    "Spikerock1": {
      "__uuid__": "e89ec9f3-efca-4bb0-821d-8de421209019"
    },
    "Spikerock2": {
      "__uuid__": "9042dadb-fb36-4b58-b8be-57034163873f"
    },
    "Spikerock3": {
      "__uuid__": "394e5860-5e61-4eef-8649-90ef02c1a3f3"
    },
    "Spikerock4": {
      "__uuid__": "15d696f4-4c7d-46af-a208-054fe1b2573c"
    },
    "Spikerock5": {
      "__uuid__": "ced436d0-874c-4ddd-bc5e-9df43fc2f29e"
    },
    "Spikerock6": {
      "__uuid__": "16d80fea-0917-4bfc-8c8f-61f9d2276e09"
    },
    "Spikerock7": {
      "__uuid__": "da061c44-0b29-495f-804f-afec4fa1c163"
    },
    "Spikerock8": {
      "__uuid__": "cfb5eba7-c59b-4e47-871b-8e38520ce12e"
    }
  }
}