{
  "__type__": "cc.AnimationClip",
  "_name": "bomb_explode",
  "_objFlags": 0,
  "_native": "",
  "_duration": 0.2,
  "sample": 60,
  "speed": 0.3,
  "wrapMode": "1",
  "curveData": {
    "comps": {
      "cc.Sprite": {
        "spriteFrame": [
          {
            "frame": 0,
            "value": {
              "__uuid__": "7b056d13-3918-47e1-b1a4-d830909fd31e"
            }
          },
          {
            "frame": 0.016666666666666666,
            "value": {
              "__uuid__": "8d7f5dbf-701d-461c-b77b-a475ac1c8929"
            }
          },
          {
            "frame": 0.03333333333333333,
            "value": {
              "__uuid__": "441ba2d5-a729-4e49-b16d-b00cc9748552"
            }
          },
          {
            "frame": 0.05,
            "value": {
              "__uuid__": "2285efc3-193a-453a-b35e-d7294962538d"
            }
          },
          {
            "frame": 0.06666666666666667,
            "value": {
              "__uuid__": "6ab35067-46cb-412c-818e-a08f1be0059f"
            }
          },
          {
            "frame": 0.08333333333333333,
            "value": {
              "__uuid__": "1516b6e2-c58f-40c3-80a8-05d439f85420"
            }
          },
          {
            "frame": 0.1,
            "value": {
              "__uuid__": "8ded51eb-ddeb-4bbc-9019-0095c0bc8401"
            }
          },
          {
            "frame": 0.11666666666666667,
            "value": {
              "__uuid__": "7b056d13-3918-47e1-b1a4-d830909fd31e"
            }
          },
          {
            "frame": 0.13333333333333333,
            "value": {
              "__uuid__": "8d7f5dbf-701d-461c-b77b-a475ac1c8929"
            }
          },
          {
            "frame": 0.15,
            "value": {
              "__uuid__": "441ba2d5-a729-4e49-b16d-b00cc9748552"
            }
          },
          {
            "frame": 0.16666666666666666,
            "value": {
              "__uuid__": "2285efc3-193a-453a-b35e-d7294962538d"
            }
          },
          {
            "frame": 0.18333333333333332,
            "value": {
              "__uuid__": "6ab35067-46cb-412c-818e-a08f1be0059f"
            }
          }
        ]
      }
    },
    "props": {
      "scale": [
        {
          "frame": 0,
          "value": {
            "__type__": "cc.Vec2",
            "x": 0.3,
            "y": 0.3
          }
        },
        {
          "frame": 0.016666666666666666,
          "value": {
            "__type__": "cc.Vec2",
            "x": 0.5,
            "y": 0.5
          }
        },
        {
          "frame": 0.03333333333333333,
          "value": {
            "__type__": "cc.Vec2",
            "x": 0.7,
            "y": 0.7
          }
        },
        {
          "frame": 0.05,
          "value": {
            "__type__": "cc.Vec2",
            "x": 0.9,
            "y": 0.9
          }
        },
        {
          "frame": 0.06666666666666667,
          "value": {
            "__type__": "cc.Vec2",
            "x": 1.1,
            "y": 1.1
          }
        },
        {
          "frame": 0.08333333333333333,
          "value": {
            "__type__": "cc.Vec2",
            "x": 1.3,
            "y": 1.3
          }
        },
        {
          "frame": 0.1,
          "value": {
            "__type__": "cc.Vec2",
            "x": 1.5,
            "y": 1.5
          }
        },
        {
          "frame": 0.11666666666666667,
          "value": {
            "__type__": "cc.Vec2",
            "x": 1.7,
            "y": 1.7
          }
        },
        {
          "frame": 0.13333333333333333,
          "value": {
            "__type__": "cc.Vec2",
            "x": 1.3,
            "y": 1.3
          }
        },
        {
          "frame": 0.15,
          "value": {
            "__type__": "cc.Vec2",
            "x": 0.9,
            "y": 0.9
          }
        },
        {
          "frame": 0.16666666666666666,
          "value": {
            "__type__": "cc.Vec2",
            "x": 0.5,
            "y": 0.5
          }
        },
        {
          "frame": 0.18333333333333332,
          "value": {
            "__type__": "cc.Vec2",
            "x": 0.1,
            "y": 0.1
          }
        }
      ]
    }
  },
  "events": []
}