{
  "__type__": "dragonBones.DragonBonesAtlasAsset",
  "_name": "pirate_tex",
  "_objFlags": 0,
  "_native": "",
  "_atlasJson": "{\"width\":128,\"imagePath\":\"pirate_tex.png\",\"height\":256,\"name\":\"pirate\",\"SubTexture\":[{\"frameHeight\":46,\"y\":51,\"frameX\":0,\"width\":30,\"frameY\":-2,\"height\":44,\"name\":\"rightHand\",\"frameWidth\":32,\"x\":68},{\"frameHeight\":29,\"y\":97,\"frameX\":-1,\"width\":7,\"frameY\":-2,\"height\":27,\"name\":\"leg\",\"frameWidth\":9,\"x\":68},{\"frameHeight\":57,\"y\":1,\"frameX\":-1,\"width\":65,\"frameY\":-1,\"height\":56,\"name\":\"body\",\"frameWidth\":66,\"x\":1},{\"frameHeight\":51,\"y\":1,\"frameX\":-2,\"width\":38,\"frameY\":-3,\"height\":48,\"name\":\"hat_2\",\"frameWidth\":40,\"x\":68},{\"frameHeight\":50,\"y\":59,\"frameX\":0,\"width\":65,\"frameY\":-1,\"height\":49,\"name\":\"face\",\"frameWidth\":65,\"x\":1},{\"frameHeight\":23,\"y\":1,\"frameX\":-1,\"width\":12,\"frameY\":-1,\"height\":22,\"name\":\"eye\",\"frameWidth\":13,\"x\":108},{\"frameHeight\":23,\"y\":110,\"frameX\":-2,\"width\":60,\"frameY\":-2,\"height\":18,\"name\":\"hat_1\",\"frameWidth\":65,\"x\":1},{\"frameHeight\":50,\"y\":51,\"frameX\":0,\"width\":20,\"frameY\":-1,\"height\":49,\"name\":\"leftHand\",\"frameWidth\":20,\"x\":100}]}",
  "_texture": {
    "__uuid__": "84145ce0-ba68-409a-8be3-b5284c143c3e"
  },
  "texture": {
    "__uuid__": "84145ce0-ba68-409a-8be3-b5284c143c3e"
  },
  "_textureAtlasData": null
}