{
  "__type__": "cc.SpriteAtlas",
  "_name": "fly_enemy_run.plist",
  "_objFlags": 0,
  "_native": "",
  "_spriteFrames": {
    "Version1_Run_00": {
      "__uuid__": "14ac43bf-bb43-4b52-9444-99d411d181dd"
    },
    "Version1_Run_01": {
      "__uuid__": "233bfdad-03d5-4b6a-837f-3dc1e9c5f8b2"
    },
    "Version1_Run_02": {
      "__uuid__": "d8298b47-3789-43fe-b989-467393c79360"
    },
    "Version1_Run_03": {
      "__uuid__": "d76101f7-b87c-44ea-9e35-a445a1aecebb"
    },
    "Version1_Run_04": {
      "__uuid__": "1287f66d-7b73-4d8a-958d-2c7e74a4e881"
    },
    "Version1_Run_05": {
      "__uuid__": "cac32938-f5b0-4cab-a626-462d9d39711c"
    },
    "Version1_Run_06": {
      "__uuid__": "e8a7451b-68d9-4d39-b7a0-7fc3d7c97554"
    },
    "Version1_Run_07": {
      "__uuid__": "e2208095-1090-4a4c-8b7d-647dee2c87f9"
    },
    "Version1_Run_08": {
      "__uuid__": "f886d475-6b64-4256-b410-b4bef21595c1"
    },
    "Version1_Run_09": {
      "__uuid__": "118fba5b-7bb4-442e-9d56-ff41da89d410"
    },
    "Version1_Run_10": {
      "__uuid__": "7bab0cc1-0557-4fab-8ae0-52763005d19a"
    },
    "Version1_Run_11": {
      "__uuid__": "eee7ae9e-5db9-4e7c-9e90-9a7269fc90f6"
    },
    "Version1_Run_12": {
      "__uuid__": "d450284f-f4c7-4998-b7d5-2c5a84418615"
    },
    "Version1_Run_13": {
      "__uuid__": "8d4c3dc1-cbb3-465d-9cbf-c757feaf4435"
    },
    "Version1_Run_14": {
      "__uuid__": "9348b146-4cba-40c2-9c83-8dd2c24fc92b"
    },
    "Version1_Run_15": {
      "__uuid__": "5b918ce6-335a-46d7-9ab0-1d9a72ec0d6e"
    },
    "Version1_Run_16": {
      "__uuid__": "e2faafac-15b4-4c8e-a65a-defd95414d50"
    },
    "Version1_Run_17": {
      "__uuid__": "b1ab7629-226d-496d-97d8-ecdc7b8d695f"
    },
    "Version1_Run_18": {
      "__uuid__": "7ff33360-2716-4293-b963-e8fff44a5365"
    },
    "Version1_Run_19": {
      "__uuid__": "c7761c67-319a-490f-b5ad-a94de5b8942e"
    },
    "Version1_Run_20": {
      "__uuid__": "a6185164-9245-4299-ab32-00f24167a6ea"
    },
    "Version1_Run_21": {
      "__uuid__": "d3c030c2-fc9f-4c78-a997-375c3dee5087"
    },
    "Version1_Run_22": {
      "__uuid__": "5296afd3-b724-4853-b537-ed8b5a18ad5b"
    },
    "Version1_Run_23": {
      "__uuid__": "377caa68-d45b-4ecc-b13b-9a51dd76a187"
    },
    "Version1_Run_24": {
      "__uuid__": "756edf56-1b67-4f1f-b02a-686883e9ac56"
    }
  }
}