{
  "__type__": "dragonBones.DragonBonesAsset",
  "_name": "pirate_ske",
  "_objFlags": 0,
  "_native": "",
  "_dragonBonesJson": "{\"frameRate\":24,\"name\":\"pirate\",\"version\":\"5.5\",\"compatibleVersion\":\"5.5\",\"armature\":[{\"type\":\"Armature\",\"frameRate\":24,\"name\":\"Armature\",\"aabb\":{\"x\":-48.33,\"y\":-65.65,\"width\":99.96,\"height\":121.37},\"bone\":[{\"name\":\"root\"},{\"length\":30,\"name\":\"body\",\"parent\":\"root\",\"transform\":{\"y\":22,\"skX\":-90,\"skY\":-90}},{\"length\":30,\"name\":\"head\",\"parent\":\"body\",\"transform\":{\"x\":42.7368}},{\"length\":30,\"name\":\"leftHand\",\"parent\":\"body\",\"transform\":{\"x\":32.2643,\"y\":25.9933,\"skX\":180,\"skY\":180}},{\"length\":30,\"name\":\"rightHand\",\"parent\":\"body\",\"transform\":{\"x\":30.7906,\"y\":-24.7704,\"skX\":-161.1078,\"skY\":-161.1078}},{\"length\":20,\"name\":\"leftLeg\",\"parent\":\"body\",\"transform\":{\"x\":-10.4412,\"y\":19.7223,\"skX\":180,\"skY\":180}},{\"length\":20,\"name\":\"rightLeg\",\"parent\":\"body\",\"transform\":{\"x\":-10.4412,\"y\":-25.3975,\"skX\":180,\"skY\":180}}],\"slot\":[{\"name\":\"rightHand\",\"parent\":\"rightHand\"},{\"name\":\"leg1\",\"parent\":\"rightLeg\"},{\"name\":\"leg\",\"parent\":\"leftLeg\"},{\"name\":\"body\",\"parent\":\"body\"},{\"name\":\"hat_2\",\"parent\":\"head\"},{\"name\":\"face\",\"parent\":\"head\"},{\"name\":\"eye\",\"parent\":\"head\"},{\"name\":\"eye1\",\"parent\":\"head\"},{\"name\":\"hat_1\",\"parent\":\"head\"},{\"name\":\"leftHand\",\"parent\":\"leftHand\"}],\"skin\":[{\"slot\":[{\"name\":\"body\",\"display\":[{\"name\":\"body\",\"transform\":{\"x\":16,\"skX\":90,\"skY\":90}}]},{\"name\":\"hat_2\",\"display\":[{\"name\":\"hat_2\",\"transform\":{\"x\":14.42,\"y\":31.64,\"skX\":90,\"skY\":90}}]},{\"name\":\"face\",\"display\":[{\"name\":\"face\",\"transform\":{\"x\":16,\"skX\":90,\"skY\":90}}]},{\"name\":\"eye\",\"display\":[{\"name\":\"eye\",\"transform\":{\"x\":21,\"y\":-13,\"skX\":90,\"skY\":90}}]},{\"name\":\"eye1\",\"display\":[{\"name\":\"eye\",\"transform\":{\"x\":21,\"y\":12,\"skX\":90,\"skY\":90}}]},{\"name\":\"rightHand\",\"display\":[{\"name\":\"rightHand\",\"transform\":{\"x\":16.26,\"y\":2.42,\"skX\":-117.18,\"skY\":-117.18}}]},{\"name\":\"hat_1\",\"display\":[{\"name\":\"hat_1\",\"transform\":{\"x\":33.42,\"skX\":90,\"skY\":90}}]},{\"name\":\"leg1\",\"display\":[{\"name\":\"leg\",\"transform\":{\"x\":8.15,\"skX\":-90,\"skY\":-90}}]},{\"name\":\"leftHand\",\"display\":[{\"name\":\"leftHand\",\"transform\":{\"x\":16.99,\"y\":-1.25,\"skX\":-90,\"skY\":-90}}]},{\"name\":\"leg\",\"display\":[{\"name\":\"leg\",\"transform\":{\"x\":8.78,\"skX\":-90,\"skY\":-90}}]}]}],\"animation\":[{\"duration\":0,\"playTimes\":0,\"name\":\"Idle\"},{\"duration\":12,\"playTimes\":0,\"name\":\"Jump\",\"bone\":[{\"name\":\"body\",\"rotateFrame\":[{\"duration\":6,\"tweenEasing\":0,\"rotate\":5},{\"duration\":6,\"tweenEasing\":0},{\"duration\":0,\"rotate\":5}]},{\"name\":\"leftHand\",\"translateFrame\":[{\"duration\":12,\"x\":-2.26,\"y\":-0.99}],\"rotateFrame\":[{\"duration\":6,\"tweenEasing\":0,\"rotate\":-30},{\"duration\":6,\"tweenEasing\":0,\"rotate\":-45},{\"duration\":0,\"rotate\":-30}]},{\"name\":\"rightHand\",\"translateFrame\":[{\"duration\":12,\"x\":-0.79,\"y\":-0.23}],\"rotateFrame\":[{\"duration\":6,\"tweenEasing\":0,\"rotate\":11.11},{\"duration\":6,\"tweenEasing\":0,\"rotate\":31.11},{\"duration\":0,\"rotate\":11.11}]},{\"name\":\"leftLeg\",\"translateFrame\":[{\"duration\":12,\"x\":0.44,\"y\":0.28}],\"rotateFrame\":[{\"duration\":6,\"tweenEasing\":0,\"rotate\":-20},{\"duration\":6,\"tweenEasing\":0,\"rotate\":-50},{\"duration\":0,\"rotate\":-20}]},{\"name\":\"rightLeg\",\"translateFrame\":[{\"duration\":12,\"x\":5.44,\"y\":0.4}],\"rotateFrame\":[{\"duration\":6,\"tweenEasing\":0,\"rotate\":30},{\"duration\":6,\"tweenEasing\":0,\"rotate\":50},{\"duration\":0,\"rotate\":30}]}]},{\"duration\":12,\"playTimes\":0,\"name\":\"Run\",\"bone\":[{\"name\":\"body\",\"rotateFrame\":[{\"duration\":3,\"tweenEasing\":0,\"rotate\":-20},{\"duration\":3,\"tweenEasing\":0,\"rotate\":-10},{\"duration\":3,\"tweenEasing\":0,\"rotate\":-20},{\"duration\":3,\"tweenEasing\":0,\"rotate\":-10},{\"duration\":0,\"rotate\":-20}]},{\"name\":\"head\",\"rotateFrame\":[{\"duration\":3,\"tweenEasing\":0,\"rotate\":15},{\"duration\":3,\"tweenEasing\":0,\"rotate\":10},{\"duration\":3,\"tweenEasing\":0,\"rotate\":15},{\"duration\":3,\"tweenEasing\":0,\"rotate\":10},{\"duration\":0,\"rotate\":15}]},{\"name\":\"leftHand\",\"translateFrame\":[{\"duration\":12,\"x\":-2.26,\"y\":-0.99}],\"rotateFrame\":[{\"duration\":6,\"tweenEasing\":0,\"rotate\":30},{\"duration\":6,\"tweenEasing\":0,\"rotate\":-30},{\"duration\":0,\"rotate\":30}]},{\"name\":\"rightHand\",\"translateFrame\":[{\"duration\":12,\"x\":-0.79,\"y\":-0.23}],\"rotateFrame\":[{\"duration\":6,\"tweenEasing\":0,\"rotate\":-48.89},{\"duration\":6,\"tweenEasing\":0,\"rotate\":11.11},{\"duration\":0,\"rotate\":-48.89}]},{\"name\":\"leftLeg\",\"translateFrame\":[{\"duration\":6,\"tweenEasing\":0,\"x\":0.44,\"y\":5.28},{\"duration\":6,\"tweenEasing\":0,\"x\":5.44,\"y\":-44.72},{\"duration\":0,\"x\":0.44,\"y\":5.28}],\"rotateFrame\":[{\"duration\":6,\"tweenEasing\":0,\"rotate\":-45},{\"duration\":6,\"tweenEasing\":0,\"rotate\":55},{\"duration\":0,\"rotate\":-45}]},{\"name\":\"rightLeg\",\"translateFrame\":[{\"duration\":6,\"tweenEasing\":0,\"x\":5.44,\"y\":0.4},{\"duration\":6,\"tweenEasing\":0,\"x\":0.44,\"y\":50.4},{\"duration\":0,\"x\":5.44,\"y\":0.4}],\"rotateFrame\":[{\"duration\":6,\"tweenEasing\":0,\"rotate\":55},{\"duration\":6,\"tweenEasing\":0,\"rotate\":-45},{\"duration\":0,\"rotate\":55}]}]},{\"duration\":9,\"playTimes\":0,\"name\":\"Die\",\"bone\":[{\"name\":\"body\",\"translateFrame\":[{\"duration\":3,\"tweenEasing\":0},{\"duration\":3,\"tweenEasing\":0,\"x\":5},{\"duration\":3,\"x\":10}],\"rotateFrame\":[{\"duration\":3,\"tweenEasing\":0},{\"duration\":3,\"tweenEasing\":0,\"rotate\":20},{\"duration\":3,\"tweenEasing\":0,\"rotate\":40},{\"duration\":0,\"rotate\":90}]},{\"name\":\"rightHand\",\"rotateFrame\":[{\"duration\":6,\"tweenEasing\":0},{\"duration\":3,\"rotate\":-32.96}]},{\"name\":\"rightLeg\",\"rotateFrame\":[{\"duration\":6,\"tweenEasing\":0},{\"duration\":3,\"rotate\":-38.86}]}],\"slot\":[{\"name\":\"eye\",\"colorFrame\":[{\"duration\":3},{\"duration\":6,\"tweenEasing\":0,\"value\":{\"aM\":50}},{\"duration\":0,\"value\":{\"aM\":0}}]},{\"name\":\"eye1\",\"colorFrame\":[{\"duration\":3},{\"duration\":6,\"tweenEasing\":0,\"value\":{\"aM\":25}},{\"duration\":0,\"value\":{\"aM\":0}}]}]},{\"duration\":12,\"playTimes\":0,\"name\":\"Climb\",\"bone\":[{\"name\":\"leftHand\",\"translateFrame\":[{\"duration\":12,\"x\":-2.26,\"y\":-0.99}],\"rotateFrame\":[{\"duration\":12,\"rotate\":180}]},{\"name\":\"rightHand\",\"translateFrame\":[{\"duration\":12,\"x\":-0.79,\"y\":-0.23}],\"rotateFrame\":[{\"duration\":12,\"rotate\":161.11}]},{\"name\":\"leftLeg\",\"translateFrame\":[{\"duration\":6,\"tweenEasing\":0,\"x\":5.44,\"y\":-4.72},{\"duration\":6,\"tweenEasing\":0,\"x\":0.44,\"y\":-4.72},{\"duration\":0,\"x\":5.44,\"y\":-4.72}],\"rotateFrame\":[{\"duration\":12,\"rotate\":20}]},{\"name\":\"rightLeg\",\"translateFrame\":[{\"duration\":6,\"tweenEasing\":0,\"x\":0.44,\"y\":10.4},{\"duration\":6,\"tweenEasing\":0,\"x\":5.44,\"y\":10.4},{\"duration\":0,\"x\":0.44,\"y\":10.4}],\"rotateFrame\":[{\"duration\":12,\"rotate\":-20}]}],\"zOrder\":{\"frame\":[{\"duration\":12,\"zOrder\":[4,5,5,2,9,-6]}]}}],\"defaultActions\":[{\"gotoAndPlay\":\"Idle\"}]}]}"
}